Date,TSLA.US,GM.US
2012/1/3,1.872,16.1959
2012/1/4,1.84733,16.2746
2012/1/5,1.808,17.0591
2012/1/6,1.794,17.6354
2012/1/9,1.81667,17.5757
2012/1/10,1.84133,17.8813
2012/1/11,1.882,18.827
2012/1/12,1.88333,18.9834
2012/1/13,1.51933,18.6876
2012/1/17,1.77333,18.62
2012/1/18,1.78733,18.8589
2012/1/19,1.784,19.0968
2012/1/20,1.77333,19.2352
2012/1/23,1.78467,19.1745
2012/1/24,1.828,19.074
2012/1/25,1.86467,19.1745
2012/1/26,1.92933,19.0192
2012/1/27,1.95533,18.7494
2012/1/30,1.97133,18.6438
2012/1/31,1.938,18.4816
2012/2/1,1.972,18.7494
2012/2/2,2.01667,18.7046
2012/2/3,2.07667,20.1421
2012/2/6,2.12,20.5423
2012/2/7,2.10667,20.1749
2012/2/8,2.12867,19.8116
2012/2/9,2.172,19.8047
2012/2/10,2.07333,19.6215
2012/2/13,2.09933,19.496
2012/2/14,2.21133,19.5428
2012/2/15,2.24,19.1814
2012/2/16,2.27933,20.9037
2012/2/17,2.33133,21.0351
2012/2/21,2.3,20.8201
2012/2/22,2.28133,20.4269
2012/2/23,2.302,20.609
2012/2/24,2.25,20.0595
2012/2/27,2.24133,20.3601
2012/2/28,2.254,20.1143
2012/2/29,2.22733,20.0217
2012/3/1,2.294,20.3661
2012/3/2,2.26933,20.3501
2012/3/5,2.25133,20.0057
2012/3/6,2.20733,18.9126
2012/3/7,2.208,19.1436
2012/3/8,2.20467,19.5827
2012/3/9,2.316,19.7121
2012/3/12,2.40067,19.5359
2012/3/13,2.406,20.0595
2012/3/14,2.35267,20.2517
2012/3/15,2.33333,20.0425
2012/3/16,2.35467,19.6742
2012/3/19,2.332,19.5359
2012/3/20,2.33067,19.3039
2012/3/21,2.34333,19.4602
2012/3/22,2.29333,19.273
2012/3/23,2.272,19.3666
2012/3/26,2.49333,19.6822
2012/3/27,2.52933,19.506
2012/3/28,2.52333,19.3507
2012/3/29,2.48867,19.4721
2012/3/30,2.48267,19.7349
2012/4/2,2.43867,20.5921
2012/4/3,2.534,19.6493
2012/4/4,2.33333,19.3138
2012/4/5,2.314,19.1287
2012/4/9,2.21,18.62
2012/4/10,2.164,18.2437
2012/4/11,2.206,18.4876
2012/4/12,2.22933,18.6956
2012/4/13,2.23933,18.3124
2012/4/16,2.15,18.0197
2012/4/17,2.14933,18.4946
2012/4/18,2.17733,18.5822
2012/4/19,2.21067,18.4736
2012/4/20,2.21067,18.159
2012/4/23,2.12933,17.6593
2012/4/24,2.12133,17.6125
2012/4/25,2.194,17.9341
2012/4/26,2.23267,18.2516
2012/4/27,2.22267,18.1033
2012/4/30,2.20867,17.6951
2012/5/1,2.252,17.9341
2012/5/2,2.26267,17.6424
2012/5/3,2.164,17.2113
2012/5/4,2.122,17.2043
2012/5/7,2.16467,17.2422
2012/5/8,2.01267,17.1019
2012/5/9,2.004,17.2661
2012/5/10,2.19733,17.2113
2012/5/11,2.15,16.9257
2012/5/14,2.004,16.6449
2012/5/15,1.962,16.4806
2012/5/16,1.94533,16.8569
2012/5/17,1.90467,16.627
2012/5/18,1.83733,16.2945
2012/5/21,1.918,16.5722
2012/5/22,2.05267,16.5433
2012/5/23,2.068,17.0261
2012/5/24,2.02133,16.9575
2012/5/25,1.98733,17.2661
2012/5/29,2.11267,17.5827
2012/5/30,2.02733,17.2113
2012/5/31,1.96667,17.0829
2012/6/1,1.87667,16.9346
2012/6/4,1.85867,16.2437
2012/6/5,1.86067,16.3512
2012/6/6,1.94333,16.7962
2012/6/7,1.92867,16.8121
2012/6/8,2.00533,16.9665
2012/6/11,1.94133,16.8649
2012/6/12,1.97733,17.0591
2012/6/13,1.98467,16.8261
2012/6/14,1.95933,16.7733
2012/6/15,1.994,16.7285
2012/6/18,2.12267,16.4876
2012/6/19,2.13933,16.7285
2012/6/20,2.252,16.5264
2012/6/21,2.146,15.8804
2012/6/22,2.25267,15.8514
2012/6/25,2.20733,15.3178
2012/6/26,2.10733,15.2721
2012/6/27,2.13067,15.1268
2012/6/28,2.094,15.2512
2012/6/29,2.086,15.1726
2012/7/2,2.02667,15.058
2012/7/3,2.044,15.9042
2012/7/5,2.082,15.8027
2012/7/6,2.066,15.6264
2012/7/9,2.09933,15.5588
2012/7/10,2.08467,15.2342
2012/7/11,2.10067,15.3119
2012/7/12,2.18,14.8739
2012/7/13,2.28333,15.0949
2012/7/16,2.39733,14.9107
2012/7/17,2.22333,15.081
2012/7/18,2.14333,15.4424
2012/7/19,2.15133,15.497
2012/7/20,2.11933,14.8958
2012/7/23,2.044,14.851
2012/7/24,1.98933,14.634
2012/7/25,1.93,14.4647
2012/7/26,1.87533,14.7037
2012/7/27,1.96733,15.1347
2012/7/30,1.82333,14.8958
2012/7/31,1.828,15.1666
2012/8/1,1.75,15.1268
2012/8/2,1.74,14.7256
2012/8/3,1.818,15.4184
2012/8/6,1.88467,15.2721
2012/8/7,2.01667,15.7121
2012/8/8,1.93933,15.6812
2012/8/9,1.96067,15.8893
2012/8/10,1.996,15.8027
2012/8/13,2.078,15.749
2012/8/14,1.96133,15.5498
2012/8/15,1.96,15.497
2012/8/16,2.02,16.4119
2012/8/17,2.00067,16.9346
2012/8/20,1.96733,16.8261
2012/8/21,1.94067,16.6449
2012/8/22,1.99667,16.7225
2012/8/23,2.04867,16.4189
2012/8/24,1.96667,16.2945
2012/8/27,1.888,16.3273
2012/8/28,1.91267,16.1123
2012/8/29,1.894,16.3861
2012/8/30,1.894,16.2437
2012/8/31,1.90133,16.4289
2012/9/4,1.876,16.394
2012/9/5,1.86267,16.7425
2012/9/6,1.90333,17.2751
2012/9/7,1.95667,17.9829
2012/9/10,1.82467,17.6812
2012/9/11,1.85333,17.6723
2012/9/12,1.88533,17.7957
2012/9/13,1.96533,18.1033
2012/9/14,2.026,18.5742
2012/9/17,2.16933,18.3124
2012/9/18,2.08933,18.7972
2012/9/19,2.07,19.044
2012/9/20,2.06,18.7902
2012/9/21,2.00133,19.0819
2012/9/24,2.044,18.7444
2012/9/25,1.844,18.0964
2012/9/26,1.836,17.9958
2012/9/27,1.89933,17.8345
2012/9/28,1.952,17.504
2012/10/1,1.944,17.7658
2012/10/2,1.98667,18.2198
2012/10/3,1.95333,18.7654
2012/10/4,1.96,18.9664
2012/10/5,1.926,19.0819
2012/10/8,1.95,18.9037
2012/10/9,1.89133,18.7494
2012/10/10,1.89333,18.6438
2012/10/11,1.888,18.9744
2012/10/12,1.84267,18.8052
2012/10/15,1.822,18.835
2012/10/16,1.87067,19.074
2012/10/17,1.92127,19.282
2012/10/18,1.86933,19.6653
2012/10/19,1.84933,18.9206
2012/10/22,1.85667,18.9426
2012/10/23,1.89267,18.3672
2012/10/24,1.828,18.2288
2012/10/25,1.83467,18.181
2012/10/26,1.82533,17.9122
2012/10/31,1.8754,19.6215
2012/11/1,1.94967,19.7579
2012/11/2,1.92787,19.8445
2012/11/5,2.1,19.6742
2012/11/6,2.07667,20.1511
2012/11/7,2.10267,19.2591
2012/11/8,2.08733,19.0192
2012/11/9,2.02133,19.2661
2012/11/12,2.07133,19.4353
2012/11/13,2.1076,19.0968
2012/11/14,2.092,18.596
2012/11/15,2.05467,18.3741
2012/11/16,2.12267,18.3522
2012/11/19,2.19467,19.1814
2012/11/20,2.2,18.9286
2012/11/21,2.16467,18.9286
2012/11/23,2.142,19.3955
2012/11/26,2.15133,19.4124
2012/11/27,2.14333,19.2442
2012/11/28,2.214,19.4512
2012/11/29,2.246,20.0735
2012/11/30,2.25467,19.9121
2012/12/3,2.308,19.6265
2012/12/4,2.26,19.5488
2012/12/5,2.24733,19.2352
2012/12/6,2.26,18.9037
2012/12/7,2.278,19.3825
2012/12/10,2.30467,19.4512
2012/12/11,2.352,19.5827
2012/12/12,2.35067,19.72
2012/12/13,2.24067,19.3278
2012/12/14,2.254,18.9326
2012/12/17,2.29333,19.1198
2012/12/18,2.306,19.6135
2012/12/19,2.30733,20.9126
2012/12/20,2.29533,21.0351
2012/12/21,2.26667,21.0212
2012/12/24,2.28533,21.28
2012/12/26,2.23933,21.2521
2012/12/27,2.246,21.512
2012/12/28,2.21467,21.4283
2012/12/31,2.258,22.1829
2013/1/2,2.35733,22.4139
2013/1/3,2.318,22.9445
2013/1/4,2.29333,22.9723
2013/1/7,2.28933,22.821
2013/1/8,2.24533,22.599
2013/1/9,2.24267,23.0579
2013/1/10,2.23533,23.4203
2013/1/11,2.194,23.3596
2013/1/14,2.21733,23.3347
2013/1/15,2.26,23.5457
2013/1/16,2.27333,22.5522
2013/1/17,2.292,22.6896
2013/1/18,2.30133,22.5274
2013/1/22,2.346,22.0306
2013/1/23,2.4,21.9808
2013/1/24,2.466,22.1441
2013/1/25,2.46533,22.3661
2013/1/28,2.53533,22.1829
2013/1/29,2.53,21.8892
2013/1/30,2.50133,21.497
2013/1/31,2.50067,21.6144
2013/2/1,2.55333,21.6732
2013/2/4,2.516,21.512
2013/2/5,2.542,21.9978
2013/2/6,2.61133,21.947
2013/2/7,2.632,21.9052
2013/2/8,2.616,21.9808
2013/2/11,2.56133,21.953
2013/2/12,2.526,21.9668
2013/2/13,2.56333,22.0584
2013/2/14,2.55333,21.3506
2013/2/15,2.46933,21.3596
2013/2/19,2.61867,21.2969
2013/2/20,2.56933,20.8509
2013/2/21,2.344,20.3979
2013/2/22,2.40733,20.8579
2013/2/25,2.292,20.2585
2013/2/26,2.29533,20.6439
2013/2/27,2.34,21.0829
2013/2/28,2.322,20.8897
2013/3/1,2.31,20.9365
2013/3/4,2.372,20.8459
2013/3/5,2.44333,21.2212
2013/3/6,2.51267,21.4751
2013/3/7,2.54867,21.4522
2013/3/8,2.56467,21.5468
2013/3/11,2.60667,21.7818
2013/3/12,2.608,21.8296
2013/3/13,2.59867,21.5966
2013/3/14,2.45667,21.6662
2013/3/15,2.35267,21.706
2013/3/18,2.34333,21.5726
2013/3/19,2.33867,21.6224
2013/3/20,2.39667,22.4686
2013/3/21,2.40067,22.0306
2013/3/22,2.44133,21.713
2013/3/25,2.502,21.6662
2013/3/26,2.524,21.6592
2013/3/27,2.544,21.5876
2013/3/28,2.526,21.4054
2013/4/1,2.92867,21.3895
2013/4/2,2.956,21.488
2013/4/3,2.74,21.3895
2013/4/4,2.80067,21.3437
2013/4/5,2.758,21.1754
2013/4/8,2.78867,21.2292
2013/4/9,2.7,21.1814
2013/4/10,2.79067,21.8296
2013/4/11,2.906,22.8678
2013/4/12,2.91667,22.7902
2013/4/15,2.88667,22.2446
2013/4/16,3.03933,22.6757
2013/4/17,3.03,22.5204
2013/4/18,3.13133,22.2964
2013/4/19,3.18867,22.4288
2013/4/22,3.346,22.5055
2013/4/23,3.40067,22.9683
2013/4/24,3.362,23.4273
2013/4/25,3.46667,23.6284
2013/4/26,3.41333,23.4681
2013/4/29,3.66267,23.6911
2013/4/30,3.59933,23.7279
2013/5/1,3.552,23.2223
2013/5/2,3.60733,23.9748
2013/5/3,3.63667,24.6996
2013/5/6,3.96667,24.4836
2013/5/7,3.70067,24.3531
2013/5/8,3.71933,24.6826
2013/5/9,4.62667,24.3531
2013/5/10,5.11733,24.1749
2013/5/13,5.85333,23.8534
2013/5/14,5.54933,24.2755
2013/5/15,5.656,24.8598
2013/5/16,6.15,24.9226
2013/5/17,6.1,25.714
2013/5/20,5.996,25.931
2013/5/21,5.83933,25.699
2013/5/22,5.816,25.5706
2013/5/23,6.182,25.273
2013/5/24,6.472,25.2909
2013/5/28,7.35533,26.1281
2013/5/29,6.97533,26.2007
2013/5/30,6.99667,26.6537
2013/5/31,6.51733,26.0753
2013/6/3,6.17267,26.4815
2013/6/4,6.32267,26.9006
2013/6/5,6.358,26.1749
2013/6/6,6.49,26.5005
2013/6/7,6.80267,26.9524
2013/6/10,6.67,26.7294
2013/6/11,6.298,26.1062
2013/6/12,6.51533,25.7389
2013/6/13,6.54533,26.5443
2013/6/14,6.68667,26.3829
2013/6/17,6.81333,25.9529
2013/6/18,6.89267,26.1689
2013/6/19,6.97867,25.8971
2013/6/20,6.71,25.052
2013/6/21,6.63667,24.7832
2013/6/24,6.766,24.1749
2013/6/25,6.82667,24.4836
2013/6/26,7.048,25.044
2013/6/27,7.28333,25.4681
2013/6/28,7.15733,25.6294
2013/7/1,7.812,26.1609
2013/7/2,7.85467,26.2367
2013/7/3,7.68267,26.2675
2013/7/5,8.006,26.6747
2013/7/8,8.10733,26.6537
2013/7/9,8.23,26.8677
2013/7/10,8.15133,27.1824
2013/7/11,8.374,27.8086
2013/7/12,8.66,28.0076
2013/7/15,8.484,28.0862
2013/7/16,7.27,27.8374
2013/7/17,8.01667,27.9768
2013/7/18,7.93533,28.3461
2013/7/19,7.97867,28.1699
2013/7/22,8.162,28.2834
2013/7/23,8.18267,28.1699
2013/7/24,8.11333,28.5761
2013/7/25,8.27133,28.5303
2013/7/26,8.626,28.2147
2013/7/29,8.97467,27.9936
2013/7/30,8.78267,28.0862
2013/7/31,8.952,27.5994
2013/8/1,9.03667,28.0604
2013/8/2,9.2,28.4317
2013/8/5,9.64533,28.2754
2013/8/6,9.47667,27.6682
2013/8/7,8.94867,27.2978
2013/8/8,10.232,27.707
2013/8/9,10.2,27.715
2013/8/12,9.82533,27.6841
2013/8/13,9.69533,27.5766
2013/8/14,9.29067,27.3715
2013/8/15,9.31133,26.5831
2013/8/16,9.46667,26.4507
2013/8/19,9.66,26.5363
2013/8/20,9.972,26.7673
2013/8/21,9.85733,26.5671
2013/8/22,10.4733,26.9225
2013/8/23,10.7893,26.9753
2013/8/26,10.948,26.8677
2013/8/27,11.134,25.9221
2013/8/28,11.0967,26.1003
2013/8/29,11.0707,26.5083
2013/8/30,11.2667,26.2217
2013/9/3,11.2627,26.2675
2013/9/4,11.3747,27.5836
2013/9/5,11.3287,27.9528
2013/9/6,11.1313,27.8145
2013/9/9,10.7133,28.0694
2013/9/10,11.0913,28.4666
2013/9/11,10.9013,27.9688
2013/9/12,10.9953,27.9848
2013/9/13,11.036,27.7428
2013/9/16,11.1053,27.8682
2013/9/17,11.082,28.2476
2013/9/18,11.0813,28.9165
2013/9/19,11.8613,28.6477
2013/9/20,12.226,28.3372
2013/9/23,12.074,28.5691
2013/9/24,12.1553,28.808
2013/9/25,12.3493,28.6079
2013/9/26,12.576,28.4317
2013/9/27,12.7267,27.9848
2013/9/30,12.8913,27.6752
2013/10/1,12.8667,27.6314
2013/10/2,12.0633,27.6522
2013/10/3,11.554,27.1525
2013/10/4,12.0653,27.4661
2013/10/7,12.2047,27.0679
2013/10/8,11.6487,26.3213
2013/10/9,11.252,26.2844
2013/10/10,11.5287,26.814
2013/10/11,11.9133,27.1993
2013/10/14,11.9813,27.1824
2013/10/15,12.2627,26.7005
2013/10/16,12.2373,27.0301
2013/10/17,12.1867,27.4402
2013/10/18,12.2267,27.6154
2013/10/21,11.5067,27.3138
2013/10/22,11.436,27.2431
2013/10/23,10.9667,26.9703
2013/10/24,11.5433,27.4143
2013/10/25,11.3107,27.3814
2013/10/28,10.8573,27.5457
2013/10/29,10.9647,27.7428
2013/10/30,10.6147,28.6477
2013/10/31,10.6627,28.4317
2013/11/1,10.8113,28.7672
2013/11/4,11.68,28.8309
2013/11/5,11.7873,28.5372
2013/11/6,10.0773,28.155
2013/11/7,9.318,27.6393
2013/11/8,9.19667,28.2058
2013/11/11,9.64667,28.2226
2013/11/12,9.18667,28.2058
2013/11/13,9.24667,29.5795
2013/11/14,9.17333,29.6213
2013/11/15,9.03,29.8294
2013/11/18,8.10533,29.6761
2013/11/19,8.406,29.2481
2013/11/20,8.074,29.0001
2013/11/21,8.14,29.3307
2013/11/22,8.092,28.9533
2013/11/25,8.056,28.8907
2013/11/26,8.03333,28.9842
2013/11/27,8.46267,29.8931
2013/11/29,8.48533,29.8005
2013/12/2,8.278,30.0912
2013/12/3,9.64667,29.3436
2013/12/4,9.26333,29.7856
2013/12/5,9.36533,30.0763
2013/12/6,9.15733,30.9076
2013/12/9,9.44,31.468
2013/12/10,9.47933,31.0818
2013/12/11,9.31,30.9016
2013/12/12,9.83133,30.816
2013/12/13,9.84333,30.808
2013/12/16,9.86267,31.8821
2013/12/17,10.164,31.9528
2013/12/18,9.86533,31.7527
2013/12/19,9.38133,31.008
2013/12/20,9.54933,31.5387
2013/12/23,9.57,31.7677
2013/12/24,10.094,31.455
2013/12/26,10.3667,31.9459
2013/12/27,10.0747,31.5008
2013/12/30,10.1627,31.3058
2013/12/31,10.0287,31.4471
2014/1/2,10.0067,31.5088
2014/1/3,9.97067,30.4486
2014/1/6,9.8,31.0818
2014/1/7,9.95733,30.9314
2014/1/8,10.0853,31.1006
2014/1/9,9.83533,31.1544
2014/1/10,9.71467,30.8
2014/1/13,9.28933,30.4566
2014/1/14,10.7513,30.791
2014/1/15,10.942,30.3003
2014/1/16,11.398,30.0076
2014/1/17,11.334,29.7
2014/1/21,11.7787,29.4989
2014/1/22,11.904,29.8523
2014/1/23,12.1,29.5617
2014/1/24,11.64,28.3372
2014/1/27,11.308,28.2834
2014/1/28,11.892,28.3222
2014/1/29,11.682,27.9688
2014/1/30,12.1893,28.3461
2014/1/31,12.094,27.7598
2014/2/3,11.8073,27.1226
2014/2/4,11.9153,27.5586
2014/2/5,11.628,27.1137
2014/2/6,11.892,27.1067
2014/2/7,12.4353,27.7826
2014/2/10,13.104,26.8509
2014/2/11,13.108,27.1226
2014/2/12,13.0213,27.3625
2014/2/13,13.3087,27.0828
2014/2/14,13.2153,27.6592
2014/2/18,13.58,27.936
2014/2/19,12.9093,27.7239
2014/2/20,13.998,28.0942
2014/2/21,13.9733,28.2306
2014/2/24,14.51,28.1202
2014/2/25,16.5333,27.7776
2014/2/26,16.8667,28.3372
2014/2/27,16.836,28.2904
2014/2/28,16.3207,27.8534
2014/3/3,16.704,27.8603
2014/3/4,16.9893,28.4138
2014/3/5,16.844,28.8677
2014/3/6,16.8627,28.8837
2014/3/7,16.414,29.0001
2014/3/10,15.9227,28.5372
2014/3/11,15.6273,27.0679
2014/3/12,16.0993,26.822
2014/3/13,15.8527,26.2297
2014/3/14,15.398,26.4617
2014/3/17,15.5987,26.8817
2014/3/18,16.0027,27.2998
2014/3/19,15.7227,27.0987
2014/3/20,15.6607,27.3735
2014/3/21,15.2593,27.1764
2014/3/24,14.678,27.2779
2014/3/25,14.696,26.7891
2014/3/26,14.1973,26.5631
2014/3/27,13.8213,26.7891
2014/3/28,14.158,26.9593
2014/3/31,13.8967,26.7195
2014/4/1,14.4647,26.6567
2014/4/2,15.3527,27.0729
2014/4/3,15.0267,27.5118
2014/4/4,14.1487,27.0211
2014/4/7,13.8347,26.4765
2014/4/8,14.364,26.8051
2014/4/9,14.462,26.0983
2014/4/10,13.6127,25.8494
2014/4/11,13.5853,24.7862
2014/4/14,13.206,25.266
2014/4/15,12.9273,25.8951
2014/4/16,13.274,26.3681
2014/4/17,13.208,26.3759
2014/4/21,13.6253,26.3759
2014/4/22,14.576,26.5701
2014/4/23,13.866,26.6965
2014/4/24,13.8573,26.5243
2014/4/25,13.3233,26.1739
2014/4/28,13.234,26.2077
2014/4/29,13.7947,26.3849
2014/4/30,13.8593,26.7633
2014/5/1,13.8487,27.0908
2014/5/2,14.0607,27.1475
2014/5/5,14.4407,26.9753
2014/5/6,13.8187,26.9753
2014/5/7,13.4233,27.2242
2014/5/8,11.906,27.0529
2014/5/9,12.1507,26.5701
2014/5/12,12.3113,27.0291
2014/5/13,12.6773,27.2859
2014/5/14,12.708,27.1226
2014/5/15,12.5727,26.6717
2014/5/16,12.7707,26.3909
2014/5/19,13.0727,26.5851
2014/5/20,13.02,25.6692
2014/5/21,13.2967,25.9728
2014/5/22,13.6587,25.9419
2014/5/23,13.82,26.1052
2014/5/27,14.104,26.3461
2014/5/28,14.016,26.8489
2014/5/29,14.016,26.7423
2014/5/30,13.8513,26.8429
2014/6/2,13.6467,27.0609
2014/6/3,13.6627,27.3735
2014/6/4,13.5993,28.3501
2014/6/5,13.7933,28.157
2014/6/6,13.878,28.6099
2014/6/9,13.6873,28.5701
2014/6/10,13.4867,28.4924
2014/6/11,13.6313,28.2724
2014/6/12,13.568,27.8036
2014/6/13,13.7613,27.8892
2014/6/16,14.974,28.2256
2014/6/17,15.4447,28.4576
2014/6/18,15.1413,28.4128
2014/6/19,15.186,28.4656
2014/6/20,15.306,28.3511
2014/6/23,15.8147,28.7025
2014/6/24,15.5,28.6338
2014/6/25,15.7927,29.033
2014/6/26,15.7067,28.8817
2014/6/27,15.9373,28.6627
2014/6/30,16.004,28.4128
2014/7/1,15.9813,29.4223
2014/7/2,15.2953,29.5387
2014/7/3,15.2833,29.5387
2014/7/7,14.844,29.3057
2014/7/8,14.6047,29.4153
2014/7/9,14.8707,29.7219
2014/7/10,14.6307,29.5467
2014/7/11,14.542,29.7049
2014/7/14,15.1133,29.5089
2014/7/15,14.6387,29.4153
2014/7/16,14.4773,29.3377
2014/7/17,14.36,29.04
2014/7/18,14.668,29.2799
2014/7/21,14.7027,29.2978
2014/7/22,14.6387,29.5557
2014/7/23,14.8327,29.2799
2014/7/24,14.9027,27.9748
2014/7/25,14.9047,27.4522
2014/7/28,14.988,27.3158
2014/7/29,15.0007,26.9653
2014/7/30,15.2613,26.8529
2014/7/31,14.8867,26.4715
2014/8/1,15.5513,26.1729
2014/8/4,15.9013,26.3063
2014/8/5,15.8993,26.1122
2014/8/6,16.5953,26.1431
2014/8/7,16.826,25.9151
2014/8/8,16.542,26.2455
2014/8/11,17.288,26.4557
2014/8/12,17.3307,26.3769
2014/8/13,17.354,26.5731
2014/8/14,17.4253,26.5731
2014/8/15,17.4673,26.4865
2014/8/18,17.3293,26.9255
2014/8/19,17.1173,27.0599
2014/8/20,17.0473,27.0271
2014/8/21,16.956,27.0818
2014/8/22,17.1187,26.8021
2014/8/25,17.5033,27.1385
2014/8/26,17.4493,27.2789
2014/8/27,17.55,27.1674
2014/8/28,17.5907,27.1465
2014/8/29,17.98,27.2401
2014/9/2,18.9413,27.2401
2014/9/3,18.746,26.9793
2014/9/4,19.0693,27.1057
2014/9/5,18.4927,27.0659
2014/9/8,18.8073,26.2455
2014/9/9,18.5653,26.1112
2014/9/10,18.74,26.2854
2014/9/11,18.6873,26.5373
2014/9/12,18.6133,26.2685
2014/9/15,16.924,26.5551
2014/9/16,17.3827,26.6149
2014/9/17,17.4253,26.7274
2014/9/18,17.588,26.8687
2014/9/19,17.288,26.7991
2014/9/22,16.6687,26.4039
2014/9/23,16.694,26.2297
2014/9/24,16.8093,26.5681
2014/9/25,16.4633,25.9549
2014/9/26,16.44,26.1899
2014/9/29,16.3507,25.4402
2014/9/30,16.1787,25.2192
2014/10/1,16.016,25.6533
2014/10/2,16.7613,26.1998
2014/10/3,17.014,26.6567
2014/10/6,17.3747,26.6487
2014/10/7,17.3047,25.0848
2014/10/8,17.2853,25.4074
2014/10/9,17.134,24.5004
2014/10/10,15.794,23.9171
2014/10/13,14.9727,23.5219
2014/10/14,15.1373,23.7737
2014/10/15,15.3133,23.4423
2014/10/16,15.09,23.6393
2014/10/17,15.1653,23.8763
2014/10/20,15.3647,23.9569
2014/10/21,15.6893,24.3511
2014/10/22,15.4067,24.7204
2014/10/23,15.686,24.4228
2014/10/24,15.6827,23.718
2014/10/27,14.778,23.7519
2014/10/28,16.1847,24.611
2014/10/29,15.8733,24.2556
2014/10/30,15.9107,24.3024
2014/10/31,16.1133,24.7932
2014/11/3,16.1727,24.619
2014/11/4,15.9287,24.3352
2014/11/5,15.398,24.2655
2014/11/6,16.0813,24.7682
2014/11/7,16.0133,24.9424
2014/11/10,16.1287,24.5712
2014/11/11,16.7387,24.7543
2014/11/12,16.6067,24.808
2014/11/13,16.78,24.9902
2014/11/14,17.2453,25.0988
2014/11/17,16.932,25.5089
2014/11/18,17.18,25.481
2014/11/19,16.516,25.3844
2014/11/20,16.5807,25.3666
2014/11/21,16.1853,25.3666
2014/11/24,16.448,25.4173
2014/11/25,16.5393,25.4472
2014/11/26,16.5627,25.3218
2014/11/28,16.3013,26.3949
2014/12/1,15.4427,26.0077
2014/12/2,15.4287,26.2625
2014/12/3,15.2867,26.5611
2014/12/4,15.2187,26.1281
2014/12/5,14.914,26.7911
2014/12/8,14.2907,26.0345
2014/12/9,14.4593,26.1371
2014/12/10,13.9893,25.4671
2014/12/11,13.9253,25.6433
2014/12/12,13.8,25.1496
2014/12/15,13.6027,24.6966
2014/12/16,13.1873,24.4796
2014/12/17,13.7213,24.815
2014/12/18,14.5507,25.2919
2014/12/19,14.6193,26.1371
2014/12/22,14.84,26.4705
2014/12/23,14.7313,26.7353
2014/12/24,14.8173,26.6319
2014/12/26,15.188,26.8697
2014/12/29,15.0473,27.5616
2014/12/30,14.8153,27.9538
2014/12/31,14.8273,27.8096
2015/1/2,14.6207,27.7548
2015/1/5,14.006,27.3476
2015/1/6,14.0853,27.7628
2015/1/7,14.0633,28.5512
2015/1/8,14.0413,28.8399
2015/1/9,13.7773,28.352
2015/1/12,13.4807,28.5512
2015/1/13,13.6167,28.0822
2015/1/14,12.846,27.3247
2015/1/15,12.7913,26.6319
2015/1/16,12.8713,26.8319
2015/1/20,12.7953,27.0301
2015/1/21,13.1047,26.9972
2015/1/22,13.4413,26.9415
2015/1/23,13.4193,26.8857
2015/1/26,13.77,26.8459
2015/1/27,13.732,26.6229
2015/1/28,13.2913,26.1619
2015/1/29,13.68,26.4179
2015/1/30,13.5733,25.9847
2015/2/2,14.0627,26.374
2015/2/3,14.5573,27.0689
2015/2/4,14.57,28.5422
2015/2/5,14.7327,28.8757
2015/2/6,14.4907,28.6776
2015/2/9,14.4987,28.6776
2015/2/10,14.4193,29.8911
2015/2/11,14.1867,30.0086
2015/2/12,13.5253,30.2893
2015/2/13,13.5847,29.9698
2015/2/17,13.6233,29.6651
2015/2/18,13.6307,29.6253
2015/2/19,14.114,29.8821
2015/2/20,14.474,29.9907
2015/2/23,13.8227,30.0235
2015/2/24,13.6073,30.0713
2015/2/25,13.584,30.1599
2015/2/26,13.8127,29.921
2015/2/27,13.556,29.7229
2015/3/2,13.1547,29.9618
2015/3/3,13.304,30.1131
2015/3/4,13.4953,29.9289
2015/3/5,13.3753,29.9618
2015/3/6,12.9253,29.3465
2015/3/9,12.7253,30.2465
2015/3/10,12.688,30.1579
2015/3/11,12.916,30.3421
2015/3/12,12.5787,30.8648
2015/3/13,12.5787,30.5611
2015/3/16,13.0467,30.9862
2015/3/17,12.982,30.7542
2015/3/18,13.3807,30.9234
2015/3/19,13.0433,31.044
2015/3/20,13.2053,31.2172
2015/3/23,13.3087,30.9932
2015/3/24,13.448,30.3978
2015/3/25,12.9533,30.0225
2015/3/26,12.6933,29.9977
2015/3/27,12.3333,29.9668
2015/3/30,12.7047,30.2615
2015/3/31,12.5847,30.1191
2015/4/1,12.506,29.5079
2015/4/2,12.7333,29.3167
2015/4/6,13.54,29.4441
2015/4/7,13.55,28.6965
2015/4/8,13.8447,29.0031
2015/4/9,14.006,29.1455
2015/4/10,14.06,29.3715
2015/4/13,13.9853,29.2351
2015/4/14,13.8307,29.2998
2015/4/15,13.8553,29.6681
2015/4/16,13.78,29.7817
2015/4/17,13.786,29.4273
2015/4/20,13.6847,29.8075
2015/4/21,13.9607,29.8453
2015/4/22,14.6293,29.8453
2015/4/23,14.5733,28.8518
2015/4/24,14.562,28.586
2015/4/27,15.4367,28.7383
2015/4/28,15.3653,28.6876
2015/4/29,15.4967,28.5213
2015/4/30,15.07,28.16
2015/5/1,15.0687,28.4496
2015/5/4,15.3673,28.4327
2015/5/5,15.53,28.1162
2015/5/6,15.362,27.926
2015/5/7,15.7867,28.0136
2015/5/8,15.774,28.367
2015/5/11,15.966,28.2854
2015/5/12,16.316,27.9021
2015/5/13,16.212,27.9498
2015/5/14,16.2733,27.8284
2015/5/15,16.5893,28.0384
2015/5/18,16.5833,28.152
2015/5/19,16.476,28.2068
2015/5/20,16.29,28.1261
2015/5/21,16.3747,28.5761
2015/5/22,16.5153,28.6726
2015/5/26,16.4973,28.5293
2015/5/27,16.4953,28.7612
2015/5/28,16.7633,29.2271
2015/5/29,16.72,28.8877
2015/6/1,16.63,29.0549
2015/6/2,16.5567,29.0917
2015/6/3,16.5993,28.8638
2015/6/4,16.3947,28.5442
2015/6/5,16.6093,28.2068
2015/6/8,17.086,28.3929
2015/6/9,17.0667,28.6129
2015/6/10,16.7133,28.8787
2015/6/11,16.7607,28.8498
2015/6/12,16.7127,28.9763
2015/6/15,16.692,28.7742
2015/6/16,16.8747,28.8956
2015/6/17,17.3607,29.0559
2015/6/18,17.4593,29.3765
2015/6/19,17.5007,29.3027
2015/6/22,17.3193,29.3675
2015/6/23,17.8447,29.4551
2015/6/24,17.678,28.5313
2015/6/25,17.9193,28.159
2015/6/26,17.806,27.9002
2015/6/29,17.468,26.9663
2015/6/30,17.884,27.0479
2015/7/1,17.9433,26.8111
2015/7/2,18.668,26.9663
2015/7/6,18.648,26.4965
2015/7/7,17.8587,26.6637
2015/7/8,16.9973,25.3088
2015/7/9,17.1947,25.1654
2015/7/10,17.2767,25.481
2015/7/13,17.4773,25.708
2015/7/14,17.71,25.7827
2015/7/15,17.5427,25.5039
2015/7/16,17.7787,24.84
2015/7/17,18.3107,24.8698
2015/7/20,18.8173,24.7504
2015/7/21,17.7847,24.6618
2015/7/22,17.858,24.588
2015/7/23,17.8133,25.5636
2015/7/24,17.694,25.2042
2015/7/27,16.8673,25.1953
2015/7/28,17.6547,25.4163
2015/7/29,17.588,25.927
2015/7/30,17.786,25.8932
2015/7/31,17.7433,25.5706
2015/8/3,17.3327,25.708
2015/8/4,17.752,25.5766
2015/8/5,18.0087,25.6433
2015/8/6,16.4087,25.8543
2015/8/7,16.1673,25.7558
2015/8/10,16.076,25.9181
2015/8/11,15.8247,25.0172
2015/8/12,15.878,25.051
2015/8/13,16.1673,25.2042
2015/8/14,16.21,25.5537
2015/8/17,16.9993,25.6503
2015/8/18,17.3813,25.7319
2015/8/19,17.0167,25.6662
2015/8/20,16.1453,25.025
2015/8/21,15.3847,24.0206
2015/8/24,14.5913,22.5592
2015/8/25,14.6687,22.1381
2015/8/26,14.9893,22.8031
2015/8/27,16.1993,23.1933
2015/8/28,16.5653,23.5339
2015/8/31,16.604,23.8892
2015/9/1,15.9087,23.2391
2015/9/2,16.5127,23.7041
2015/9/3,16.3713,23.6234
2015/9/4,16.1287,23.4353
2015/9/8,16.5447,24.2476
2015/9/9,16.594,24.0355
2015/9/10,16.5653,24.6428
2015/9/11,16.6827,24.7672
2015/9/14,16.8793,25.2362
2015/9/15,16.9047,25.4562
2015/9/16,17.4833,25.6294
2015/9/17,17.4713,25.719
2015/9/18,17.3747,25.0639
2015/9/21,17.6133,25.1545
2015/9/22,17.396,24.6687
2015/9/23,17.404,24.4138
2015/9/24,17.5413,24.1849
2015/9/25,17.1273,24.159
2015/9/28,16.562,23.4611
2015/9/29,16.4433,23.9469
2015/9/30,16.56,24.6608
2015/10/1,15.992,25.1924
2015/10/2,16.5047,26.0654
2015/10/5,16.41,26.0893
2015/10/6,16.0973,26.4665
2015/10/7,15.464,27.1515
2015/10/8,15.1147,27.4611
2015/10/9,14.7127,27.0659
2015/10/12,14.372,27.1256
2015/10/13,14.6167,27.2152
2015/10/14,14.4587,27.3785
2015/10/15,14.754,27.3735
2015/10/16,15.134,27.2321
2015/10/19,15.2067,27.3048
2015/10/20,14.202,27.5029
2015/10/21,14.006,29.0977
2015/10/22,14.1147,29.0977
2015/10/23,13.9393,29.5317
2015/10/26,14.3507,29.3027
2015/10/27,14.0233,28.7274
2015/10/28,14.1973,28.9325
2015/10/29,14.1087,28.5452
2015/10/30,13.7953,28.6766
2015/11/2,14.2527,29.2191
2015/11/3,13.89,29.3913
2015/11/4,15.442,29.0977
2015/11/5,15.4513,29.1137
2015/11/6,15.4907,29.3675
2015/11/9,15.022,29.3027
2015/11/10,14.4333,29.259
2015/11/11,14.6053,29.2023
2015/11/12,14.196,28.8259
2015/11/13,13.8127,28.1838
2015/11/16,14.2873,28.8897
2015/11/17,14.2667,28.9245
2015/11/18,14.738,29.9489
2015/11/19,14.7867,29.6871
2015/11/20,14.6673,29.8503
2015/11/23,14.5167,29.6393
2015/11/24,14.55,29.7517
2015/11/25,15.3093,29.8503
2015/11/27,15.4407,29.8772
2015/11/30,15.3507,29.7379
2015/12/1,15.8127,29.7876
2015/12/2,15.466,29.3515
2015/12/3,15.514,29.1355
2015/12/4,15.3587,29.7777
2015/12/7,15.4087,29.6781
2015/12/8,15.1147,29.1445
2015/12/9,14.968,29.1216
2015/12/10,15.138,29.2679
2015/12/11,14.468,28.381
2015/12/14,14.572,28.2516
2015/12/15,14.7393,28.373
2015/12/16,15.634,29.1723
2015/12/17,15.5593,28.3172
2015/12/18,15.364,27.9508
2015/12/21,15.504,28.0842
2015/12/22,15.33,28.4626
2015/12/23,15.3133,28.8697
2015/12/24,15.3713,28.7224
2015/12/28,15.2633,28.6477
2015/12/29,15.8127,28.6408
2015/12/30,15.8727,28.4994
2015/12/31,16.0007,28.2326
2016/1/4,14.894,27.6502
2016/1/5,14.8953,26.9205
2016/1/6,14.6027,25.9589
2016/1/7,14.3767,24.8966
2016/1/8,14.0667,24.5134
2016/1/11,13.8567,25.1097
2016/1/12,13.998,25.1535
2016/1/13,13.354,25.3088
2016/1/14,13.7453,25.1535
2016/1/15,13.666,24.5462
2016/1/19,13.648,24.4069
2016/1/20,13.2467,24.4238
2016/1/21,13.3313,24.5293
2016/1/22,13.5033,24.3044
2016/1/25,13.0913,24.2665
2016/1/26,12.904,24.614
2016/1/27,12.538,24.2476
2016/1/28,12.6467,24.0903
2016/1/29,12.7407,24.604
2016/2/1,13.1293,24.9952
2016/2/2,12.1853,24.614
2016/2/3,11.5653,24.0067
2016/2/4,11.6887,23.7737
2016/2/5,10.84,23.6921
2016/2/8,9.86867,23.8066
2016/2/9,9.88333,23.1356
2016/2/10,9.578,23.0022
2016/2/11,10.0313,22.3302
2016/2/12,10.0693,23.0022
2016/2/16,10.3447,23.7239
2016/2/17,11.2453,24.2954
2016/2/18,11.118,24.0983
2016/2/19,11.1053,23.8902
2016/2/22,11.8493,24.596
2016/2/23,11.814,24.387
2016/2/24,11.9333,23.942
2016/2/25,12.4953,24.4895
2016/2/26,12.6893,24.596
2016/2/29,12.7953,24.4397
2016/3/1,12.4233,24.9106
2016/3/2,12.556,25.028
2016/3/3,13.0493,25.7906
2016/3/4,13.4027,26.0415
2016/3/7,13.686,26.2247
2016/3/8,13.5067,25.4661
2016/3/9,13.9147,25.6682
2016/3/10,13.6787,25.9041
2016/3/11,13.8333,26.2735
2016/3/14,14.3433,26.2077
2016/3/15,14.556,26.0983
2016/3/16,14.7953,26.6369
2016/3/17,15.092,26.8628
2016/3/18,15.516,26.8628
2016/3/21,15.888,26.9643
2016/3/22,15.616,26.813
2016/3/23,14.8387,26.3173
2016/3/24,15.1833,26.0236
2016/3/28,15.3507,26.0733
2016/3/29,15.342,26.2157
2016/3/30,15.126,26.0485
2016/3/31,15.318,26.4187
2016/4/1,15.8393,25.6124
2016/4/4,16.466,25.1326
2016/4/5,17.0313,24.8798
2016/4/6,17.6947,25.1654
2016/4/7,17.1467,24.7284
2016/4/8,16.6713,24.6856
2016/4/11,16.6613,24.822
2016/4/12,16.5213,24.9734
2016/4/13,16.9687,25.8713
2016/4/14,16.7907,25.8205
2016/4/15,16.9673,25.6871
2016/4/18,16.9253,26.3173
2016/4/19,16.4913,26.8717
2016/4/20,16.6647,27.0569
2016/4/21,16.5527,27.4531
2016/4/22,16.9167,27.0489
2016/4/25,16.788,26.8539
2016/4/26,16.916,27.0569
2016/4/27,16.7647,27.032
2016/4/28,16.514,27.267
2016/4/29,16.0507,26.7284
2016/5/2,16.12,26.6876
2016/5/3,15.488,26.2645
2016/5/4,14.8373,25.711
2016/5/5,14.102,25.6682
2016/5/6,14.3287,26.0236
2016/5/9,13.928,25.8713
2016/5/10,13.9127,26.3511
2016/5/11,13.9307,26.1241
2016/5/12,13.8133,26.2077
2016/5/13,13.8407,25.6523
2016/5/16,13.886,25.7807
2016/5/17,13.644,25.7458
2016/5/18,14.078,25.8454
2016/5/19,14.3473,25.486
2016/5/20,14.6853,25.6961
2016/5/23,14.4147,25.711
2016/5/24,14.5273,26.0983
2016/5/25,14.6387,26.6039
2016/5/26,15.008,26.2993
2016/5/27,14.8693,26.3839
2016/5/31,14.882,26.2923
2016/6/1,14.6373,25.4014
2016/6/2,14.5973,25.4372
2016/6/3,14.5993,24.8798
2016/6/6,14.712,25.2082
2016/6/7,15.4893,25.4084
2016/6/8,15.7013,25.1694
2016/6/9,15.2907,24.9922
2016/6/10,14.586,24.7354
2016/6/13,14.5247,24.7543
2016/6/14,14.33,24.5402
2016/6/15,14.5133,24.5672
2016/6/16,14.5287,24.7036
2016/6/17,14.3653,24.8818
2016/6/20,14.6467,25.2401
2016/6/21,14.6407,25.1196
2016/6/22,13.1107,24.9584
2016/6/23,13.0933,25.3835
2016/6/24,12.8767,24.1321
2016/6/27,13.2367,23.4173
2016/6/28,13.4527,23.6125
2016/6/29,14.0107,23.9788
2016/6/30,14.152,24.0903
2016/7/1,14.4333,24.591
2016/7/5,14.2653,23.9788
2016/7/6,14.296,24.1759
2016/7/7,14.396,24.4636
2016/7/8,14.452,25.249
2016/7/11,14.9853,25.6473
2016/7/12,14.9767,26.0485
2016/7/13,14.8353,26.0733
2016/7/14,14.7687,26.1819
2016/7/15,14.6913,26.1919
2016/7/18,15.0833,26.2765
2016/7/19,15.0173,26.6019
2016/7/20,15.224,26.8061
2016/7/21,14.7,27.265
2016/7/22,14.818,27.3765
2016/7/25,15.334,27.2909
2016/7/26,15.3007,27.3685
2016/7/27,15.2327,27.256
2016/7/28,15.374,26.3789
2016/7/29,15.6527,26.8479
2016/8/1,15.334,26.6437
2016/8/2,15.1467,25.477
2016/8/3,15.0387,25.7409
2016/8/4,15.374,25.8265
2016/8/5,15.3353,26.2177
2016/8/8,15.0773,26.2864
2016/8/9,15.272,26.4477
2016/8/10,15.0433,26.6019
2016/8/11,14.994,27.0261
2016/8/12,15.0407,26.8737
2016/8/15,15.0393,27.1206
2016/8/16,14.9073,26.9922
2016/8/17,14.8827,27.1117
2016/8/18,14.9007,26.8558
2016/8/19,15,27.0937
2016/8/22,14.862,27.1296
2016/8/23,14.9893,27.1545
2016/8/24,14.8413,27.0529
2016/8/25,14.7307,26.8479
2016/8/26,14.666,26.8399
2016/8/29,14.3467,27.0768
2016/8/30,14.0893,26.9583
2016/8/31,14.134,27.1704
2016/9/1,13.3847,27.0679
2016/9/2,13.1853,27.3765
2016/9/6,13.5213,27.3406
2016/9/7,13.4467,27.469
2016/9/8,13.1573,27.3158
2016/9/9,12.9647,26.2565
2016/9/12,13.22,26.8588
2016/9/13,13.07,26.6527
2016/9/14,13.094,26.4537
2016/9/15,13.348,26.8071
2016/9/16,13.6933,26.6777
2016/9/19,13.756,27.3247
2016/9/20,13.6427,27.264
2016/9/21,13.6813,27.6592
2016/9/22,13.762,27.9021
2016/9/23,13.83,27.6692
2016/9/26,13.9327,27.3914
2016/9/27,13.7207,27.2202
2016/9/28,13.7513,27.478
2016/9/29,13.38,27.1176
2016/9/30,13.602,27.3685
2016/10/3,14.2467,27.6004
2016/10/4,14.094,27.711
2016/10/5,13.8973,28.152
2016/10/6,13.4,28.0206
2016/10/7,13.1073,27.8583
2016/10/10,13.3967,27.694
2016/10/11,13.34,27.469
2016/10/12,13.434,27.2909
2016/10/13,13.3493,27.1435
2016/10/14,13.1007,27.4561
2016/10/17,12.9307,27.1863
2016/10/18,13.2733,27.0499
2016/10/19,13.5707,27.4362
2016/10/20,13.2733,27.3506
2016/10/21,13.3393,27.6004
2016/10/24,13.5173,28.4108
2016/10/25,13.4893,27.2202
2016/10/26,13.4827,27.2033
2016/10/27,13.6007,26.9872
2016/10/28,13.3313,26.9783
2016/10/31,13.182,27.2202
2016/11/1,12.7193,27.1176
2016/11/2,12.5347,27.0908
2016/11/3,12.4947,26.7633
2016/11/4,12.704,26.8419
2016/11/7,12.8807,27.5826
2016/11/8,12.996,27.3317
2016/11/9,12.6707,26.6687
2016/11/10,12.3567,28.1928
2016/11/11,12.5707,29.3057
2016/11/14,12.0967,28.6686
2016/11/15,12.2513,28.7961
2016/11/16,12.262,28.6248
2016/11/17,12.5773,28.7871
2016/11/18,12.3347,28.4278
2016/11/21,12.3133,28.4367
2016/11/22,12.7447,29.1266
2016/11/23,12.876,29.1684
2016/11/25,13.11,29.5019
2016/11/28,13.0747,29.3317
2016/11/29,12.638,29.7787
2016/11/30,12.6267,29.7448
2016/12/1,12.1253,31.3804
2016/12/2,12.098,30.5014
2016/12/5,12.4533,30.4237
2016/12/6,12.39,30.5392
2016/12/7,12.876,31.6084
2016/12/8,12.8193,31.7129
2016/12/9,12.812,32.7941
2016/12/12,12.8287,32.3063
2016/12/13,13.21,32.5323
2016/12/14,13.246,31.3028
2016/12/15,13.172,31.5556
2016/12/16,13.4993,31.6701
2016/12/19,13.5153,31.696
2016/12/20,13.9193,31.8762
2016/12/21,13.8467,31.7129
2016/12/22,13.8967,31.0778
2016/12/23,14.2227,31.0778
2016/12/27,14.6353,30.9464
2016/12/28,14.6493,30.6069
2016/12/29,14.31,30.597
2016/12/30,14.246,30.3361
2017/1/3,14.466,30.6069
2017/1/4,15.1327,32.2973
2017/1/5,15.1167,31.687
2017/1/6,15.2673,31.3396
2017/1/9,15.4187,31.3575
2017/1/10,15.3247,32.5233
2017/1/11,15.3153,33.0449
2017/1/12,15.306,32.6627
2017/1/13,15.85,32.5143
2017/1/17,15.7053,32.4884
2017/1/18,15.8907,32.6277
2017/1/19,16.2507,32.4785
2017/1/20,16.3153,32.2276
2017/1/23,16.5947,31.915
2017/1/24,16.974,32.2206
2017/1/25,16.9647,33.3336
2017/1/26,16.834,32.6705
2017/1/27,16.864,32.2276
2017/1/30,16.708,31.6352
2017/1/31,16.7953,31.8762
2017/2/1,16.616,31.468
2017/2/2,16.7693,31.1126
2017/2/3,16.7553,31.6352
2017/2/6,17.1847,32.0693
2017/2/7,17.1653,30.5641
2017/2/8,17.472,30.597
2017/2/9,17.9467,30.5492
2017/2/10,17.9487,30.6258
2017/2/13,18.7067,30.9304
2017/2/14,18.732,32.4277
2017/2/15,18.6507,32.2873
2017/2/16,17.93,32.2415
2017/2/17,18.1487,32.4087
2017/2/21,18.4927,32.9235
2017/2/22,18.234,32.9493
2017/2/23,17.066,32.4367
2017/2/24,17.1333,32.132
2017/2/27,16.4153,32.4535
2017/2/28,16.666,32.0793
2017/3/1,16.668,32.5919
2017/3/2,16.6987,32.8797
2017/3/3,16.7713,33.2888
2017/3/6,16.7473,33.0101
2017/3/7,16.5727,32.6705
2017/3/8,16.4553,32.7851
2017/3/9,16.3267,32.3998
2017/3/10,16.246,32.3998
2017/3/13,16.4113,32.4337
2017/3/14,17.2,32.5123
2017/3/15,17.0487,32.6277
2017/3/16,17.47,32.6189
2017/3/17,17.4333,31.9578
2017/3/20,17.4613,31.4132
2017/3/21,16.712,30.3939
2017/3/22,17.0007,30.2505
2017/3/23,16.9853,30.137
2017/3/24,17.544,30.3998
2017/3/27,18.0147,30.5342
2017/3/28,18.4967,31.2818
2017/3/29,18.492,31.264
2017/3/30,18.528,31.1494
2017/3/31,18.5533,31.1046
2017/4/3,19.9013,30.0584
2017/4/4,20.2453,30.147
2017/4/5,19.6667,29.9091
2017/4/6,19.9133,30.0494
2017/4/7,20.1693,29.6542
2017/4/10,20.826,29.8831
2017/4/11,20.5807,29.8393
2017/4/12,19.7893,29.8533
2017/4/13,20.2667,29.3725
2017/4/17,20.096,29.8215
2017/4/18,20.0167,29.6363
2017/4/19,20.368,29.7249
2017/4/20,20.1673,29.9977
2017/4/21,20.3733,29.6891
2017/4/24,20.5353,29.8294
2017/4/25,20.9193,29.9021
2017/4/26,20.678,30.2435
2017/4/27,20.5753,30.3859
2017/4/28,20.938,30.4735
2017/5/1,21.522,30.0853
2017/5/2,21.2593,29.2062
2017/5/3,20.7347,29.4511
2017/5/4,19.6973,29.1605
2017/5/5,20.5567,29.7069
2017/5/8,20.4793,29.8831
2017/5/9,21.4173,30.137
2017/5/10,21.6813,30.1121
2017/5/11,21.54,30.0066
2017/5/12,21.654,29.5755
2017/5/15,21.0587,29.7497
2017/5/16,21.134,29.3983
2017/5/17,20.4,28.5203
2017/5/18,20.8707,28.5621
2017/5/19,20.722,28.7821
2017/5/22,20.69,28.9583
2017/5/23,20.2573,29.2221
2017/5/24,20.6813,29.2062
2017/5/25,21.122,28.6776
2017/5/26,21.676,29.0907
2017/5/30,22.34,29.4939
2017/5/31,22.734,29.8473
2017/6/1,22.6913,30.2893
2017/6/2,22.6567,30.3033
2017/6/5,23.1547,30.3132
2017/6/6,23.52,30.2893
2017/6/7,23.9767,30.5472
2017/6/8,24.6667,30.3401
2017/6/9,23.8213,30.5472
2017/6/12,23.934,30.8478
2017/6/13,25.0633,30.6955
2017/6/14,25.3773,30.7841
2017/6/15,25.0227,30.7762
2017/6/16,24.76,30.4994
2017/6/19,24.6533,30.5542
2017/6/20,24.816,30.597
2017/6/21,25.0933,30.358
2017/6/22,25.5073,30.4108
2017/6/23,25.5633,30.4198
2017/6/26,25.166,30.7044
2017/6/27,24.158,30.4297
2017/6/28,24.7493,30.7582
2017/6/29,24.05,31.008
2017/6/30,24.1073,31.0708
2017/7/3,23.5,31.6402
2017/7/5,21.806,31.1414
2017/7/6,20.5887,31.017
2017/7/7,20.8813,31.0778
2017/7/10,21.07,31.2998
2017/7/11,21.8147,31.4879
2017/7/12,21.968,31.5765
2017/7/13,21.5607,31.8971
2017/7/14,21.852,32.3321
2017/7/17,21.3047,32.358
2017/7/18,21.8827,32.4057
2017/7/19,21.684,32.4397
2017/7/20,21.9947,32.3869
2017/7/21,21.8933,32.0842
2017/7/24,22.8347,31.8612
2017/7/25,22.64,31.6402
2017/7/26,22.9233,31.684
2017/7/27,22.2973,31.9658
2017/7/28,22.338,31.8184
2017/7/31,21.5647,32.0046
2017/8/1,21.3047,30.9195
2017/8/2,21.726,30.9722
2017/8/3,23.1383,30.9284
2017/8/4,23.794,31.3714
2017/8/7,23.678,31.3984
2017/8/8,24.348,31.478
2017/8/9,24.2353,31.3804
2017/8/10,23.6933,31.025
2017/8/11,23.858,31.0708
2017/8/14,24.2533,31.5506
2017/8/15,24.1553,31.6124
2017/8/16,24.194,31.7985
2017/8/17,23.4613,31.1326
2017/8/18,23.164,30.9792
2017/8/21,22.524,31.0518
2017/8/22,22.7567,31.3984
2017/8/23,23.518,31.5666
2017/8/24,23.5287,31.5954
2017/8/25,23.2033,31.6651
2017/8/28,23.044,31.5855
2017/8/29,23.1573,31.5954
2017/8/30,23.5453,31.8612
2017/8/31,23.7267,32.5013
2017/9/1,23.6933,33.2321
2017/9/5,23.306,33.1146
2017/9/6,22.9687,33.5058
2017/9/7,23.374,33.1663
2017/9/8,22.8933,33.247
2017/9/11,24.246,33.5616
2017/9/12,24.1833,34.0464
2017/9/13,24.4153,34.334
2017/9/14,25.176,34.8547
2017/9/15,25.3207,34.9354
2017/9/18,25.6667,34.6756
2017/9/19,25.0067,34.7751
2017/9/20,24.9273,34.9354
2017/9/21,24.432,35.1335
2017/9/22,23.406,35.4211
2017/9/25,22.9993,36.2116
2017/9/26,23.0167,36.1748
2017/9/27,22.7313,36.4625
2017/9/28,22.64,36.4625
2017/9/29,22.7347,36.2823
2017/10/2,22.7687,37.8741
2017/10/3,23.2093,39.0419
2017/10/4,23.6673,39.3375
2017/10/5,23.676,39.4022
2017/10/6,23.789,40.3728
2017/10/9,22.8627,40.7312
2017/10/10,23.706,40.6227
2017/10/11,23.64,40.8576
2017/10/12,23.712,40.336
2017/10/13,23.7047,41.226
2017/10/16,23.3733,41.1175
2017/10/17,23.7167,40.4534
2017/10/18,23.9767,40.543
2017/10/19,23.454,40.7492
2017/10/20,23.0067,40.9821
2017/10/23,22.468,40.57
2017/10/24,22.4893,41.7635
2017/10/25,21.7227,40.543
2017/10/26,21.7447,40.6596
2017/10/27,21.3913,40.111
2017/10/30,21.3387,38.9701
2017/10/31,22.102,38.6207
2017/11/1,21.4053,38.7541
2017/11/2,19.9507,38.2783
2017/11/3,20.406,38.0463
2017/11/6,20.1853,37.8652
2017/11/7,20.4033,37.47
2017/11/8,20.2873,37.8373
2017/11/9,20.1993,37.8373
2017/11/10,20.1993,38.3321
2017/11/13,21.0267,39.1493
2017/11/14,20.58,38.6387
2017/11/15,20.7533,38.5123
2017/11/16,20.8333,39.1773
2017/11/17,21.0033,39.4271
2017/11/20,20.5827,40.326
2017/11/21,21.1873,40.4076
2017/11/22,20.84,39.7974
2017/11/24,21.0367,39.9488
2017/11/27,21.1207,39.6899
2017/11/28,21.174,40.3638
2017/11/29,20.5027,39.3654
2017/11/30,20.5967,38.7203
2017/12/1,20.4353,38.4495
2017/12/4,20.3467,38.6825
2017/12/5,20.2467,38.4585
2017/12/6,20.8847,37.8741
2017/12/7,20.7507,38.1001
2017/12/8,21.0087,38.1001
2017/12/11,21.9267,37.7835
2017/12/12,22.7353,37.6561
2017/12/13,22.602,37.5386
2017/12/14,22.526,37.004
2017/12/15,22.8953,37.1294
2017/12/18,22.5873,38.2275
2017/12/19,22.066,38.5271
2017/12/20,21.932,38.5541
2017/12/21,22.1107,38.2275
2017/12/22,21.68,38.1001
2017/12/26,21.1527,37.901
2017/12/27,20.776,37.456
2017/12/28,21.024,37.5207
2017/12/29,20.7567,37.1683
2018/1/2,21.3687,37.901
2018/1/3,21.15,38.8259
2018/1/4,20.9747,40.0234
2018/1/5,21.1053,39.905
2018/1/8,22.4273,40.0961
2018/1/9,22.246,39.9418
2018/1/10,22.32,38.9901
2018/1/11,22.53,40.0692
2018/1/12,22.4147,39.9597
2018/1/16,22.6707,40.0692
2018/1/17,23.144,39.9238
2018/1/18,22.9713,39.7696
2018/1/19,23.3347,39.1265
2018/1/22,23.4373,39.2519
2018/1/23,23.5193,39.3335
2018/1/24,23.0593,40.0404
2018/1/25,22.5093,39.1335
2018/1/26,22.8567,39.4331
2018/1/29,23.302,39.007
2018/1/30,23.0547,38.7183
2018/1/31,23.6207,38.4555
2018/2/1,23.2833,38.4724
2018/2/2,22.9167,37.1752
2018/2/5,22.2087,35.8523
2018/2/6,22.2647,37.9567
2018/2/7,23,38.4366
2018/2/8,21.0153,36.9483
2018/2/9,20.6947,37.5934
2018/2/12,21.0487,38.0822
2018/2/13,21.5773,37.5386
2018/2/14,21.4873,37.909
2018/2/15,22.271,37.9478
2018/2/16,22.366,37.2578
2018/2/20,22.3173,36.9672
2018/2/21,22.22,36.777
2018/2/22,23.088,37.0936
2018/2/23,23.47,37.0936
2018/2/26,23.8233,37.664
2018/2/27,23.3993,36.4247
2018/2/28,22.8707,35.6811
2018/3/1,22.062,34.2644
2018/3/2,22.3413,33.9378
2018/3/5,22.2233,34.2206
2018/3/6,21.88,34.3918
2018/3/7,22.1533,34.2206
2018/3/8,21.94,34.6586
2018/3/9,21.8113,34.6586
2018/3/12,23.034,34.6506
2018/3/13,22.7893,34.8149
2018/3/14,21.7753,34.5222
2018/3/15,21.7067,34.6686
2018/3/16,21.4233,34.7512
2018/3/19,20.904,33.899
2018/3/20,20.7033,33.7886
2018/3/21,21.102,34.4226
2018/3/22,20.6067,33.2958
2018/3/23,20.1027,32.2157
2018/3/26,20.2787,32.9653
2018/3/27,18.612,31.9399
2018/3/28,17.1853,32.4894
2018/3/29,17.742,33.2858
2018/4/2,16.832,32.7553
2018/4/3,17.8353,33.8354
2018/4/4,19.1293,34.8338
2018/4/5,20.3813,34.805
2018/4/6,19.9533,34.5142
2018/4/9,19.3107,34.6506
2018/4/10,20.3133,35.7855
2018/4/11,20.062,35.7229
2018/4/12,19.6053,35.5655
2018/4/13,20.0227,35.4749
2018/4/16,19.414,35.8771
2018/4/17,19.1793,35.9229
2018/4/18,19.5567,35.6571
2018/4/19,20.0053,34.5959
2018/4/20,19.3493,34.4496
2018/4/23,18.8913,34.5222
2018/4/24,18.8973,34.7422
2018/4/25,18.7127,34.9065
2018/4/26,19.032,35.0359
2018/4/27,19.605,34.4844
2018/4/30,19.5933,33.6532
2018/5/1,19.9947,33.3585
2018/5/2,20.0767,33.1584
2018/5/3,18.9633,33.1106
2018/5/4,19.606,33.6233
2018/5/7,20.1847,33.2858
2018/5/8,20.1313,33.2769
2018/5/9,20.4567,33.2211
2018/5/10,20.3347,34.0374
2018/5/11,20.0707,33.7886
2018/5/14,19.4647,33.5516
2018/5/15,18.9453,33.8354
2018/5/16,19.0987,34.8338
2018/5/17,18.9693,35.0807
2018/5/18,18.4547,34.6138
2018/5/21,18.966,34.8876
2018/5/22,18.334,35.0618
2018/5/23,18.6047,34.6686
2018/5/24,18.5233,35.1623
2018/5/25,18.59,35.0807
2018/5/29,18.9173,34.2396
2018/5/30,19.448,34.6506
2018/5/31,18.982,39.1115
2018/6/1,19.4547,39.5685
2018/6/4,19.7827,40.1
2018/6/5,19.4087,39.7616
2018/6/6,21.3,40.2374
2018/6/7,21.0727,40.6636
2018/6/8,21.1773,40.8845
2018/6/11,22.14,41.439
2018/6/12,22.8513,40.8198
2018/6/13,22.9853,41.0677
2018/6/14,23.848,40.2574
2018/6/15,23.878,40.571
2018/6/18,24.722,40.6068
2018/6/19,23.5033,39.0459
2018/6/20,24.148,38.7581
2018/6/21,23.1673,37.9916
2018/6/22,22.242,38.112
2018/6/25,22.2007,37.5217
2018/6/26,22.8,37.891
2018/6/27,22.9667,37.2988
2018/6/28,23.3287,37.439
2018/6/29,22.8633,36.4037
2018/7/2,22.338,36.4963
2018/7/3,20.724,36.0055
2018/7/5,20.6107,36.4675
2018/7/6,20.5933,36.1817
2018/7/9,21.234,36.7263
2018/7/10,21.498,37.0398
2018/7/11,21.264,36.3102
2018/7/12,21.114,36.2823
2018/7/13,21.258,36.3649
2018/7/16,20.6733,36.5501
2018/7/17,21.5127,36.9861
2018/7/18,21.59,36.8378
2018/7/19,21.3487,36.3201
2018/7/20,20.9053,36.4037
2018/7/23,20.2133,36.2823
2018/7/24,19.8287,36.4774
2018/7/25,20.5827,34.787
2018/7/26,20.4433,33.9548
2018/7/27,19.812,34.6756
2018/7/30,19.3447,34.805
2018/7/31,19.876,35.027
2018/8/1,20.056,34.3152
2018/8/2,23.3027,33.8354
2018/8/3,23.2113,34.8607
2018/8/6,22.7993,34.7402
2018/8/7,25.3047,34.7214
2018/8/8,24.6893,34.795
2018/8/9,23.4967,34.6566
2018/8/10,23.6993,33.8064
2018/8/13,23.7607,33.4103
2018/8/14,23.176,33.4461
2018/8/15,22.5793,33.2062
2018/8/16,22.3633,33.5287
2018/8/17,20.3667,33.6124
2018/8/20,20.5627,33.9737
2018/8/21,21.46,34.1032
2018/8/22,21.4427,33.3824
2018/8/23,21.34,32.9563
2018/8/24,21.5213,33.2161
2018/8/27,21.2847,34.8229
2018/8/28,20.7907,34.4804
2018/8/29,20.334,34.2972
2018/8/30,20.21,33.5934
2018/8/31,20.1107,33.3077
2018/9/4,19.2633,32.8935
2018/9/5,18.716,32.6059
2018/9/6,18.73,32.1121
2018/9/7,17.5493,31.6721
2018/9/10,19.0333,31.6352
2018/9/11,18.6293,31.5417
2018/9/12,19.3693,31.8125
2018/9/13,19.2973,31.9897
2018/9/14,19.68,32.3441
2018/9/17,19.656,32.7085
2018/9/18,18.9973,32.7831
2018/9/19,19.9347,33.3724
2018/9/20,19.8887,33.698
2018/9/21,19.94,32.9891
2018/9/24,19.9787,32.4555
2018/9/25,20.066,31.3356
2018/9/26,20.6387,31.5038
2018/9/27,20.5013,31.4491
2018/9/28,17.6513,31.4491
2018/10/1,20.7133,31.9439
2018/10/2,20.068,31.1026
2018/10/3,19.6533,31.7557
2018/10/4,18.7887,31.9897
2018/10/5,17.4633,31.8672
2018/10/8,16.704,31.9897
2018/10/9,17.52,30.4934
2018/10/10,17.1253,30.4486
2018/10/11,16.8153,30.1778
2018/10/12,17.252,29.6921
2018/10/15,17.306,30.0007
2018/10/16,18.4393,30.2057
2018/10/17,18.1187,29.8225
2018/10/18,17.594,29.029
2018/10/19,17.3333,29.1405
2018/10/22,17.3967,29.2709
2018/10/23,19.6093,30.0007
2018/10/24,19.2333,28.5442
2018/10/25,20.9907,29.8891
2018/10/26,22.06,30.4934
2018/10/29,22.3233,30.9434
2018/10/30,21.9933,31.3266
2018/10/31,22.488,34.1738
2018/11/1,22.952,34.0633
2018/11/2,23.094,33.6532
2018/11/5,22.76,33.8572
2018/11/6,22.7373,34.0544
2018/11/7,23.2107,34.4456
2018/11/8,23.4267,34.1548
2018/11/9,23.3673,33.3435
2018/11/12,22.0853,33.3346
2018/11/13,22.582,33.5596
2018/11/14,22.9333,32.9045
2018/11/15,23.2293,33.2042
2018/11/16,23.6207,33.3913
2018/11/19,23.5647,33.3246
2018/11/20,23.166,32.7731
2018/11/21,22.546,33.2042
2018/11/23,21.722,33.5596
2018/11/26,23.0667,35.1643
2018/11/27,22.928,34.2684
2018/11/28,23.1913,34.5122
2018/11/29,22.7447,34.334
2018/11/30,23.3653,35.4451
2018/12/3,23.8993,35.9129
2018/12/4,23.98,34.11
2018/12/6,24.204,33.693
2018/12/7,23.8643,32.7413
2018/12/10,24.3433,32.4875
2018/12/11,24.4507,32.7413
2018/12/12,24.44,33.675
2018/12/13,25.1193,33.1375
2018/12/14,24.3807,33.1285
2018/12/17,23.228,32.7124
2018/12/18,22.4687,32.9393
2018/12/19,22.198,32.9673
2018/12/20,21.0253,32.3441
2018/12/21,21.318,31.1276
2018/12/24,19.6927,30.5522
2018/12/26,21.7393,31.6372
2018/12/27,21.0753,32.0504
2018/12/28,22.258,32.0155
2018/12/31,22.1867,31.5706
2019/1/2,20.6747,31.7507
2019/1/3,20.024,30.4377
2019/1/4,21.1793,31.458
2019/1/7,22.3307,32.4297
2019/1/8,22.3567,32.8547
2019/1/9,22.5687,33.2042
2019/1/10,22.998,32.7781
2019/1/11,23.1507,35.0917
2019/1/14,22.2933,35.5437
2019/1/15,22.962,35.4401
2019/1/16,23.07,35.5535
2019/1/17,23.154,36.1101
2019/1/18,20.1507,36.4406
2019/1/22,19.928,36.0065
2019/1/23,19.1727,35.5535
2019/1/24,19.434,36.0165
2019/1/25,19.8027,36.4685
2019/1/28,19.7587,36.2992
2019/1/29,19.8307,36.3082
2019/1/30,20.5847,36.8946
2019/1/31,20.468,36.8278
2019/2/1,20.814,36.6009
2019/2/4,20.8593,36.7422
2019/2/5,21.4233,37.0906
2019/2/6,21.148,37.667
2019/2/7,20.5007,36.4784
2019/2/8,20.3867,36.5262
2019/2/11,20.856,36.4585
2019/2/12,20.7873,36.8368
2019/2/13,20.5447,36.8089
2019/2/14,20.2513,36.7054
2019/2/15,20.5253,36.8946
2019/2/19,20.376,37.3096
2019/2/20,20.1707,37.7058
2019/2/21,19.4153,37.3942
2019/2/22,19.6473,37.7427
2019/2/25,19.918,37.886
2019/2/26,19.8573,37.8572
2019/2/27,20.9827,37.7526
2019/2/28,21.3253,37.2628
2019/3/1,19.6527,37.3096
2019/3/4,19.024,37.0448
2019/3/5,18.436,37.0748
2019/3/6,18.416,36.4983
2019/3/7,18.4393,36.2594
2019/3/8,18.9427,36.2106
2019/3/11,19.3947,36.8119
2019/3/12,18.8907,36.8119
2019/3/13,19.264,36.9851
2019/3/14,19.3307,36.2505
2019/3/15,18.362,36.2873
2019/3/18,17.966,36.2017
2019/3/19,17.8313,36.4784
2019/3/20,18.24,35.2679
2019/3/21,18.268,35.6023
2019/3/22,17.6353,34.7343
2019/3/25,17.3613,35.0299
2019/3/26,17.8513,35.1434
2019/3/27,18.322,34.8956
2019/3/28,18.5747,35.3256
2019/3/29,18.6573,35.3635
2019/4/1,19.2787,35.9926
2019/4/2,19.0587,36.0394
2019/4/3,19.454,36.5939
2019/4/4,17.852,36.9752
2019/4/5,18.3307,37.1166
2019/4/8,18.2133,37.232
2019/4/9,18.154,37.0408
2019/4/10,18.404,37.4132
2019/4/11,17.8947,37.4888
2019/4/12,17.8467,37.8512
2019/4/15,17.7587,37.7178
2019/4/16,18.224,37.8034
2019/4/17,18.082,38.118
2019/4/18,18.2173,38.4137
2019/4/22,17.5167,37.6511
2019/4/23,17.5933,37.9657
2019/4/24,17.244,37.8602
2019/4/25,16.5047,37.2778
2019/4/26,15.676,37.8224
2019/4/29,16.098,38.1379
2019/4/30,15.9127,37.1264
2019/5/1,15.6007,36.9354
2019/5/2,16.2733,36.4585
2019/5/3,17.002,36.9851
2019/5/6,17.0227,36.3072
2019/5/7,16.4707,36.7253
2019/5/8,16.3227,36.4217
2019/5/9,16.132,35.8213
2019/5/10,15.968,36.1151
2019/5/13,15.134,34.8488
2019/5/14,15.4873,35.3057
2019/5/15,15.4633,35.6213
2019/5/16,15.222,35.6293
2019/5/17,14.0687,35.2679
2019/5/20,13.6907,35.24
2019/5/21,13.672,35.3913
2019/5/22,12.8487,33.8851
2019/5/23,13.0327,33.4869
2019/5/24,12.7087,33.477
2019/5/28,12.58,33.2181
2019/5/29,12.6573,33.1614
2019/5/30,12.548,33.1903
2019/5/31,12.344,31.7796
2019/6/3,11.9313,32.1231
2019/6/4,12.9067,34.0574
2019/6/5,13.106,34.1618
2019/6/6,13.73,33.902
2019/6/7,13.6333,34.1908
2019/6/10,14.192,34.6924
2019/6/11,14.4733,34.8756
2019/6/12,13.9507,34.365
2019/6/13,14.2607,34.7014
2019/6/14,14.328,34.355
2019/6/17,15.002,34.8169
2019/6/18,14.9827,35.3565
2019/6/19,15.0953,35.4341
2019/6/20,14.6413,35.6083
2019/6/21,14.7907,35.5685
2019/6/24,14.9093,35.6083
2019/6/25,14.6507,36.3012
2019/6/26,14.618,36.7342
2019/6/27,14.856,36.9174
2019/6/28,14.8973,37.1196
2019/7/1,15.1447,37.3326
2019/7/2,14.97,36.9364
2019/7/3,15.66,36.7631
2019/7/5,15.54,37.0896
2019/7/8,15.356,36.8308
2019/7/9,15.3373,36.6865
2019/7/10,15.928,36.7054
2019/7/11,15.9067,37.023
2019/7/12,16.3387,37.7746
2019/7/15,16.9,37.9189
2019/7/16,16.8253,37.9876
2019/7/17,16.9907,37.7268
2019/7/18,16.9027,37.688
2019/7/19,17.212,38.0354
2019/7/22,17.0453,38.4007
2019/7/23,17.3447,39.2191
2019/7/24,17.6587,39.3833
2019/7/25,15.2547,39.2589
2019/7/26,15.2027,39.2787
2019/7/29,15.718,39.1911
2019/7/30,16.1507,38.9503
2019/7/31,16.1073,38.8637
2019/8/1,15.59,38.6805
2019/8/2,15.6227,38.3241
2019/8/5,15.2213,37.5814
2019/8/6,15.3833,37.6501
2019/8/7,15.5613,37.9488
2019/8/8,15.8867,38.6337
2019/8/9,15.6673,38.1598
2019/8/12,15.2673,37.462
2019/8/13,15.6667,37.5814
2019/8/14,14.6413,35.8283
2019/8/15,14.376,35.1355
2019/8/16,14.6627,35.6451
2019/8/19,15.122,35.9926
2019/8/20,15.0573,35.6083
2019/8/21,14.722,35.7617
2019/8/22,14.81,35.8961
2019/8/23,14.0933,34.7402
2019/8/26,14.3333,34.9234
2019/8/27,14.272,34.576
2019/8/28,14.3727,35.1066
2019/8/29,14.7807,35.5585
2019/8/30,15.0407,35.7317
2019/9/3,15.0007,35.5585
2019/9/4,14.712,36.8408
2019/9/5,15.3053,37.687
2019/9/6,15.1633,37.7358
2019/9/9,15.4527,38.5142
2019/9/10,15.7027,38.5142
2019/9/11,16.4733,38.3967
2019/9/12,16.3913,38.0175
2019/9/13,16.3467,37.8144
2019/9/16,16.1873,36.2077
2019/9/17,16.3193,37.2588
2019/9/18,16.2327,37.1524
2019/9/19,16.44,36.7631
2019/9/20,16.0413,36.3629
2019/9/23,16.082,36.2375
2019/9/24,14.8807,35.7805
2019/9/25,15.2467,36.1101
2019/9/26,16.1707,36.5979
2019/9/27,16.142,36.4127
2019/9/30,16.058,36.4704
2019/10/1,16.3127,35.1375
2019/10/2,16.2087,33.7458
2019/10/3,15.5353,34.0384
2019/10/4,15.4287,33.9698
2019/10/7,15.848,33.8144
2019/10/8,16.0033,32.9673
2019/10/9,16.302,33.2211
2019/10/10,16.316,33.7268
2019/10/11,16.526,34.6118
2019/10/14,17.1307,34.5442
2019/10/15,17.1927,35.2838
2019/10/16,17.3167,35.6631
2019/10/17,17.4647,35.2151
2019/10/18,17.13,35.1962
2019/10/21,16.9,34.9632
2019/10/22,17.0387,35.3326
2019/10/23,16.9787,35.6233
2019/10/24,19.9787,34.8557
2019/10/25,21.8753,35.7507
2019/10/28,21.8473,35.6531
2019/10/29,21.0813,37.1802
2019/10/30,21.0007,36.8896
2019/10/31,20.9947,36.1599
2019/11/1,20.8873,36.9473
2019/11/4,21.1647,37.3564
2019/11/5,21.148,37.2002
2019/11/6,21.772,37.3854
2019/11/7,22.3693,37.453
2019/11/8,22.476,37.6292
2019/11/11,23.006,37.677
2019/11/12,23.3287,37.5506
2019/11/13,23.074,36.1887
2019/11/14,23.29,35.8085
2019/11/15,23.478,35.8961
2019/11/18,23.3327,35.6333
2019/11/19,23.968,35.4003
2019/11/20,23.4813,34.3301
2019/11/21,23.6553,33.7368
2019/11/22,22.2027,34.3788
2019/11/25,22.4227,34.8458
2019/11/26,21.928,34.9433
2019/11/27,22.07,35.1663
2019/11/29,21.996,35.0309
2019/12/2,22.3247,34.9135
2019/12/3,22.4133,34.573
2019/12/4,22.202,34.8358
2019/12/5,22.0247,34.7273
2019/12/6,22.3927,34.9543
2019/12/9,22.6353,34.797
2019/12/10,23.256,34.5312
2019/12/11,23.5133,34.6586
2019/12/12,23.9787,35.5048
2019/12/13,23.8927,35.0618
2019/12/16,25.4333,35.5147
2019/12/17,25.266,35.7109
2019/12/18,26.21,36.6944
2019/12/19,26.936,36.6456
2019/12/20,27.0393,36.6357
2019/12/23,27.948,36.1639
2019/12/24,28.35,35.9767
2019/12/26,28.7293,35.8781
2019/12/27,28.692,35.9567
2019/12/30,27.6467,35.8393
2019/12/31,27.8887,35.9965
2020/1/2,28.684,36.7631
2020/1/3,29.534,35.7209
2020/1/6,30.1027,35.2489
2020/1/7,31.2707,34.57
2020/1/8,32.8093,34.0782
2020/1/9,32.0893,34.5014
2020/1/10,31.8767,34.0782
2020/1/13,34.99,34.4028
2020/1/14,35.86,34.57
2020/1/15,34.5667,34.57
2020/1/16,34.2333,34.9642
2020/1/17,34.0333,35.013
2020/1/21,36.48,34.4128
2020/1/22,37.97,34.334
2020/1/23,38.1467,34.3052
2020/1/24,37.6533,33.7438
2020/1/27,37.2,32.8587
2020/1/28,37.7933,33.0857
2020/1/29,38.7333,33.0459
2020/1/30,42.72,32.7801
2020/1/31,43.37,32.8399
2020/2/3,52,33.1643
2020/2/4,59.1367,33.8035
2020/2/5,48.98,34.4526
2020/2/6,49.93,33.7636
2020/2/7,49.87,33.0757
2020/2/10,51.42,33.685
2020/2/11,51.6267,34.4326
2020/2/12,51.1533,34.9045
2020/2/13,53.6,34.7084
2020/2/14,53.3367,34.1868
2020/2/18,57.2267,33.8423
2020/2/19,61.16,34.344
2020/2/20,59.96,34.7084
2020/2/21,60.0667,34.0782
2020/2/24,55.5867,32.5441
2020/2/25,53.3267,31.2261
2020/2/26,51.92,31.472
2020/2/27,45.2667,30.2037
2020/2/28,44.5333,29.9967
2020/3/2,49.5733,30.9016
2020/3/3,49.7,30.0165
2020/3/4,49.9667,31.01
2020/3/5,48.3033,29.9648
2020/3/6,46.9,28.5611
2020/3/9,40.5333,24.5791
2020/3/10,43.0233,26.9982
2020/3/11,42.2833,25.8832
2020/3/12,37.37,22.9365
2020/3/13,36.44,24.599
2020/3/16,29.6713,20.9057
2020/3/17,28.68,20.2287
2020/3/18,24.0813,16.7245
2020/3/19,28.5093,17.6305
2020/3/20,28.502,18.0585
2020/3/23,28.9527,17.5209
2020/3/24,33.6667,21.0152
2020/3/25,35.95,21.3934
2020/3/26,35.21,22.4587
2020/3/27,34.29,21.284
2020/3/30,33.4767,21.2242
2020/3/31,34.9333,20.6867
2020/4/1,32.104,19.1735
2020/4/2,30.298,18.1083
2020/4/3,32.0007,17.959
2020/4/6,34.4167,19.4622
2020/4/7,36.3633,21.2043
2020/4/8,36.59,23.0261
2020/4/9,38.2,23.9519
2020/4/13,43.3967,22.9067
2020/4/14,47.3267,22.8768
2020/4/15,48.6567,21.5627
2020/4/16,49.68,20.7763
2020/4/17,50.26,22.379
2020/4/20,49.7567,22.2795
2020/4/21,45.78,21.1446
2020/4/22,48.8067,21.2043
2020/4/23,47.0433,21.4234
2020/4/24,48.3433,21.8514
2020/4/27,53.25,22.3492
2020/4/28,51.2733,22.0804
2020/4/29,53.3667,23.6732
2020/4/30,52.1267,22.1899
2020/5/1,46.7533,20.8061
2020/5/4,50.7467,20.6568
2020/5/5,51.2133,21.1645
2020/5/6,52.1733,21.7916
2020/5/7,52.0033,22.3392
2020/5/8,54.6267,23.8225
2020/5/11,54.0867,22.6976
2020/5/12,53.96,22.4587
2020/5/13,52.73,21.3636
2020/5/14,53.5567,22.2098
2020/5/15,53.2767,22.5284
2020/5/18,54.2433,24.6986
2020/5/19,53.8667,24.5791
2020/5/20,54.37,25.3656
2020/5/21,55.1733,25.6841
2020/5/22,54.46,25.8633
2020/5/26,54.59,27.2769
2020/5/27,54.6833,27.6652
2020/5/28,53.72,26.5601
2020/5/29,55.6667,25.7637
2020/6/1,59.8733,26.819
2020/6/2,58.77,27.2869
2020/6/3,58.8633,28.9394
2020/6/4,57.6267,29.029
2020/6/5,59.0433,30.4725
2020/6/8,63.3267,30.5422
2020/6/9,62.71,29.7259
2020/6/10,68.3367,28.6209
2020/6/11,64.8567,26.3809
2020/6/12,62.3533,27.8344
2020/6/15,66.06,27.6452
2020/6/16,65.4767,27.6552
2020/6/17,66.12,27.038
2020/6/18,66.93,26.9683
2020/6/19,66.7267,26.4705
2020/6/22,66.2867,26.2515
2020/6/23,66.7867,26.1321
2020/6/24,64.0567,25.1664
2020/6/25,65.7333,25.1166
2020/6/26,63.9833,24.3501
2020/6/29,67.29,25.1864
2020/6/30,71.9867,25.1864
2020/7/1,74.6433,24.8478
2020/7/2,80.5767,25.1266
2020/7/6,91.44,25.6144
2020/7/7,92.6567,25.0172
2020/7/8,91.06,24.828
2020/7/9,92.9533,23.3149
2020/7/10,102.977,24.2804
2020/7/13,99.8033,24.7484
2020/7/14,101.12,25.5248
2020/7/15,103.067,26.7593
2020/7/16,100.043,26.7294
2020/7/17,100.057,26.3311
2020/7/20,109.533,25.8932
2020/7/21,104.557,26.0325
2020/7/22,106.157,26.1819
2020/7/23,100.87,26.6398
2020/7/24,94.4667,26.1321
2020/7/27,102.64,25.5846
2020/7/28,98.4333,26.2117
2020/7/29,99.94,25.7737
2020/7/30,99.1667,25.0868
2020/7/31,95.3833,24.7782
2020/8/3,99,25.5248
2020/8/4,99.1333,25.6841
2020/8/5,99,26.2117
2020/8/6,99.3067,26.5005
2020/8/7,96.8467,26.5999
2020/8/10,94.57,27.8544
2020/8/11,91.6267,28.3919
2020/8/12,103.65,27.9041
2020/8/13,108.067,27.4262
2020/8/14,110.047,27.7348
2020/8/17,122.377,29.8752
2020/8/18,125.807,29.7059
2020/8/19,125.237,29.0887
2020/8/20,133.457,28.7005
2020/8/21,136.667,28.4317
2020/8/24,134.28,30.1739
2020/8/25,134.89,29.5567
2020/8/26,143.543,29.3475
2020/8/27,149.25,29.5567
2020/8/28,147.56,29.8851
2020/8/31,166.107,29.4969
2020/9/1,158.35,29.6561
2020/9/2,149.123,30.821
2020/9/3,135.667,29.3475
2020/9/4,139.44,29.8653
2020/9/8,110.07,32.2345
2020/9/9,122.093,31.8065
2020/9/10,123.78,30.0345
2020/9/11,124.24,30.3232
2020/9/14,139.873,31.04
2020/9/15,149.92,31.4382
2020/9/16,147.253,31.6472
2020/9/17,141.143,31.7766
2020/9/18,147.383,31.3585
2020/9/21,149.797,29.8653
2020/9/22,141.41,29.3077
2020/9/23,126.787,29.2082
2020/9/24,129.263,28.9793
2020/9/25,135.78,28.8697
2020/9/28,140.4,29.3077
2020/9/29,139.69,28.6109
2020/9/30,143.003,29.4571
2020/10/1,149.387,30.2435
2020/10/2,138.363,30.3232
2020/10/5,141.893,30.821
2020/10/6,137.993,30.2635
2020/10/7,141.767,31.478
2020/10/8,141.973,32.0653
2020/10/9,144.667,32.0155
2020/10/12,147.433,32.0653
2020/10/13,148.883,31.7268
2020/10/14,153.767,31.5278
2020/10/15,149.627,32.4436
2020/10/16,146.557,33.2997
2020/10/19,143.61,33.2002
2020/10/20,140.647,35.4401
2020/10/21,140.88,35.6093
2020/10/22,141.93,37.242
2020/10/23,140.21,36.6646
2020/10/26,140.093,35.6591
2020/10/27,141.56,34.7333
2020/10/28,135.34,33.9368
2020/10/29,136.943,34.7333
2020/10/30,129.347,34.3749
2020/11/2,133.503,34.3948
2020/11/3,141.3,35.1912
2020/11/4,140.327,35.0817
2020/11/5,146.03,36.9732
2020/11/6,143.317,37.3016
2020/11/9,140.42,38.785
2020/11/10,136.787,40.8955
2020/11/11,139.043,40.3778
2020/11/12,137.253,39.1434
2020/11/13,136.167,41.005
2020/11/16,136.03,41.9407
2020/11/17,147.203,41.7915
2020/11/18,162.213,42.5281
2020/11/19,166.423,42.6277
2020/11/20,163.203,42.8467
2020/11/23,173.95,44.5689
2020/11/24,185.127,46.2513
2020/11/25,191.333,45.2558
2020/11/27,195.253,44.8576
2020/11/30,189.2,43.643
2020/12/1,194.92,44.4793
2020/12/2,189.607,44.3798
2020/12/3,197.793,43.892
2020/12/4,199.68,44.2006
2020/12/7,213.92,44.111
2020/12/8,216.627,43.6032
2020/12/9,201.493,44.2304
2020/12/10,209.023,42.6774
2020/12/11,203.33,41.7317
2020/12/14,213.277,41.4331
2020/12/15,211.083,41.4729
2020/12/16,207.59,41.2339
2020/12/17,218.633,41.8413
2020/12/18,231.667,40.8258
2020/12/21,216.62,41.0249
2020/12/22,213.447,40.7163
2020/12/23,215.327,42.2593
2020/12/24,220.59,41.3932
2020/12/28,221.23,41.4729
2020/12/29,221.997,41.3833
2020/12/30,231.593,41.6521
2020/12/31,235.223,41.4529
2021/1/4,243.257,40.328
2021/1/5,245.037,41.4729
2021/1/6,251.993,42.7869
2021/1/7,272.013,43.1254
2021/1/8,293.34,42.8666
2021/1/11,270.397,44.8079
2021/1/12,283.147,47.6052
2021/1/13,284.803,48.5111
2021/1/14,281.667,51.2985
2021/1/15,275.387,49.7456
2021/1/19,281.517,54.5937
2021/1/20,283.483,55.6091
2021/1/21,281.663,54.8326
2021/1/22,282.213,55.1512
2021/1/25,293.6,53.1502
2021/1/26,294.363,51.8063
2021/1/27,288.053,49.1184
2021/1/28,278.477,50.8107
2021/1/29,264.51,50.4524
2021/2/1,279.937,51.2787
2021/2/2,290.93,52.4832
2021/2/3,284.897,54.0063
2021/2/4,283.33,53.8869
2021/2/5,284.077,54.1656
2021/2/8,287.807,56.6245
2021/2/9,283.153,55.8082
2021/2/10,268.273,54.6335
2021/2/11,270.553,53.2597
2021/2/12,272.04,53.3592
2021/2/16,265.407,53.2198
2021/2/17,266.05,52.6524
2021/2/18,262.46,51.9257
2021/2/19,260.433,52.3339
2021/2/22,238.167,51.7465
2021/2/23,232.947,50.8804
2021/2/24,247.34,52.6624
2021/2/25,227.407,50.3727
2021/2/26,225.167,51.0995
2021/3/1,239.477,52.304
2021/3/2,228.813,53.8669
2021/3/3,217.733,52.4334
2021/3/4,207.147,51.5972
2021/3/5,199.317,53.5086
2021/3/8,187.667,54.7331
2021/3/9,224.527,54.4045
2021/3/10,222.687,56.5747
2021/3/11,233.2,56.077
2021/3/12,231.243,58.9938
2021/3/15,235.98,57.6797
2021/3/16,225.627,56.8634
2021/3/17,233.937,59.7803
2021/3/18,217.72,59.0038
2021/3/19,218.29,59.5513
2021/3/22,223.333,57.8391
2021/3/23,220.72,55.9078
2021/3/24,210.09,55.5593
2021/3/25,213.463,56.3458
2021/3/26,206.237,56.2662
2021/3/29,203.763,55.6888
2021/3/30,211.873,58.2472
2021/3/31,222.643,57.2019
2021/4/1,220.583,57.5403
2021/4/5,230.35,60.7659
2021/4/6,230.54,61.6618
2021/4/7,223.657,60.5567
2021/4/8,227.933,59.8201
2021/4/9,225.673,59.8898
2021/4/12,233.993,59.392
2021/4/13,254.107,58.2273
2021/4/14,244.077,58.2173
2021/4/15,246.283,58.3467
2021/4/16,246.593,58.4463
2021/4/19,238.21,57.6201
2021/4/20,239.663,55.5195
2021/4/21,248.04,57.2317
2021/4/22,239.897,56.4055
2021/4/23,243.133,57.2716
2021/4/26,246.067,57.9485
2021/4/27,234.913,58.7051
2021/4/28,231.467,58.287
2021/4/29,225.667,56.3159
2021/4/30,236.48,56.963
2021/5/3,228.3,56.8933
2021/5/4,224.533,55.0914
2021/5/5,223.647,57.3213
2021/5/6,221.18,58.4562
2021/5/7,224.123,58.725
2021/5/10,209.68,57.1521
2021/5/11,205.733,55.4797
2021/5/12,196.63,53.5185
2021/5/13,190.563,54.3547
2021/5/14,196.58,55.7484
2021/5/17,192.277,55.7882
2021/5/18,192.623,55.639
2021/5/19,187.82,55.2806
2021/5/20,195.593,55.2607
2021/5/21,193.627,56.4652
2021/5/24,202.147,56.3458
2021/5/25,201.563,56.505
2021/5/26,206.377,57.8191
2021/5/27,210.283,59.5015
2021/5/28,208.407,59.0436
2021/6/1,207.967,59.382
2021/6/2,201.707,59.382
2021/6/3,190.947,63.1749
2021/6/4,199.683,63.0853
2021/6/7,201.71,62.946
2021/6/8,201.197,63.6329
2021/6/9,199.593,62.488
2021/6/10,203.373,61.0645
2021/6/11,203.297,61.2138
2021/6/14,205.897,60.5169
2021/6/15,199.787,60.5369
2021/6/16,201.623,61.4826
2021/6/17,205.533,59.8101
2021/6/18,207.77,58.4961
2021/6/21,206.943,59.0336
2021/6/22,207.903,58.9739
2021/6/23,218.857,59.85
2021/6/24,226.607,59.7703
2021/6/25,223.957,60.0291
2021/6/28,229.573,58.3766
2021/6/29,226.92,58.5658
2021/6/30,226.567,58.9042
2021/7/1,225.973,58.8445
2021/7/2,226.3,58.6952
2021/7/6,219.86,57.2019
2021/7/7,214.883,56.3358
2021/7/8,217.603,55.8082
2021/7/9,218.983,58.4961
2021/7/12,228.567,58.7051
2021/7/13,222.847,58.4662
2021/7/14,217.793,57.7395
2021/7/15,216.867,56.6942
2021/7/16,214.74,55.2109
2021/7/19,215.407,53.9367
2021/7/20,220.167,55.8978
2021/7/21,218.43,56.7937
2021/7/22,216.42,55.3901
2021/7/23,214.46,54.6933
2021/7/26,219.207,55.5195
2021/7/27,214.927,54.7529
2021/7/28,215.66,55.2408
2021/7/29,225.783,57.0227
2021/7/30,229.067,56.5847
2021/8/2,236.557,56.7738
2021/8/3,236.58,57.6201
2021/8/4,236.973,52.4832
2021/8/5,238.21,54.1955
2021/8/6,233.033,54.8027
2021/8/9,237.92,53.7077
2021/8/10,236.663,54.0163
2021/8/11,235.94,54.0263
2021/8/12,240.75,54.3747
2021/8/13,239.057,53.409
2021/8/16,228.723,52.7122
2021/8/17,221.903,50.2433
2021/8/18,229.663,50.6116
2021/8/19,224.49,48.8595
2021/8/20,226.753,48.5808
2021/8/23,235.433,47.9636
2021/8/24,236.163,49.3474
2021/8/25,237.067,49.4768
2021/8/26,233.72,48.4016
2021/8/27,237.307,49.5763
2021/8/30,243.637,48.9491
2021/8/31,245.24,48.7899
2021/9/1,244.697,48.8894
2021/9/2,244.13,48.7301
2021/9/3,244.523,48.6007
2021/9/7,250.973,48.5011
2021/9/8,251.29,48.7501
2021/9/9,251.62,48.2025
2021/9/10,245.423,49.2677
2021/9/13,247.667,50.5917
2021/9/14,248.163,50.5121
2021/9/15,251.943,51.5873
2021/9/16,252.33,51.2885
2021/9/17,253.163,51.0995
2021/9/20,243.39,49.1482
2021/9/21,246.46,49.1482
2021/9/22,250.647,50.5519
2021/9/23,251.213,51.6868
2021/9/24,258.13,51.9954
2021/9/27,263.787,53.0008
2021/9/28,259.187,52.6126
2021/9/29,260.437,52.6922
2021/9/30,258.493,52.4732
2021/10/1,258.407,52.8914
2021/10/4,260.51,53.7375
2021/10/5,260.197,54.0959
2021/10/6,260.917,53.6878
2021/10/7,264.537,56.1864
2021/10/8,261.83,58.3069
2021/10/11,263.98,57.8291
2021/10/12,268.573,58.6952
2021/10/13,270.36,57.5105
2021/10/14,272.773,57.4309
2021/10/15,281.01,57.7395
2021/10/18,290.037,56.6345
2021/10/19,288.09,56.5946
2021/10/20,288.6,57.4109
2021/10/21,298,58.1476
2021/10/22,303.227,57.5105
2021/10/25,341.62,57.5005
2021/10/26,339.477,57.1123
2021/10/27,345.953,54.0163
2021/10/28,359.013,53.9963
2021/10/29,371.333,54.1855
2021/11/1,402.863,55.2408
2021/11/2,390.667,55.3403
2021/11/3,404.62,55.7484
2021/11/4,409.97,58.3766
2021/11/5,407.363,58.2571
2021/11/8,387.647,59.3323
2021/11/9,341.167,58.3567
2021/11/10,355.983,59.0038
2021/11/11,354.503,61.5423
2021/11/12,344.473,63.1152
2021/11/15,337.797,62.6872
2021/11/16,351.577,62.3288
2021/11/17,363.003,64.3198
2021/11/18,365.46,62.05
2021/11/19,379.02,61.5224
2021/11/22,385.623,63.7723
2021/11/23,369.677,62.7668
2021/11/24,372,61.9106
2021/11/26,360.64,59.8997
2021/11/29,378.997,59.5911
2021/11/30,381.587,57.6101
2021/12/1,365,57.7992
2021/12/2,361.533,60.7459
2021/12/3,338.323,59.4418
2021/12/6,336.337,59.5712
2021/12/7,350.583,61.2536
2021/12/8,356.32,60.5069
2021/12/9,334.6,59.3522
2021/12/10,339.01,62.9261
2021/12/13,322.137,58.8644
2021/12/14,319.503,58.1377
2021/12/15,325.33,58.3467
2021/12/16,308.973,58.1277
2021/12/17,310.857,54.9123
2021/12/20,299.98,53.7973
2021/12/21,312.843,54.5439
2021/12/22,336.29,55.8281
2021/12/23,355.667,56.6544
2021/12/27,364.647,57.1721
2021/12/28,362.823,56.8535
2021/12/29,362.063,56.9729
2021/12/30,356.78,57.8689
2021/12/31,352.26,58.3666
2022/1/3,399.927,60.8953
2022/1/4,383.197,65.4448
2022/1/5,362.707,62.4582
2022/1/6,354.9,62.5876
2022/1/7,342.32,61.9903
2022/1/10,352.707,60.7957
2022/1/11,354.8,61.1839
2022/1/12,368.74,60.7559
2022/1/13,343.853,61.4925
2022/1/14,349.87,60.8255
2022/1/18,343.503,58.5259
2022/1/19,331.883,55.9874
2022/1/20,332.09,54.4045
2022/1/21,314.633,53.0406
2022/1/24,310,52.4036
2022/1/25,306.133,51.6669
2022/1/26,312.47,52.1149
2022/1/27,276.367,51.2189
2022/1/28,282.117,50.0144
2022/1/31,312.24,52.4932
2022/2/1,310.417,53.8271
2022/2/2,301.887,53.2597
2022/2/3,297.047,52.8714
2022/2/4,307.773,51.0597
2022/2/7,302.447,50.4822
2022/2/8,307.333,49.2378
2022/2/9,310.667,50.4922
2022/2/10,301.517,50.1139
2022/2/11,286.667,48.6107
2022/2/14,291.92,48.1825
2022/2/15,307.477,49.4469
2022/2/16,307.797,50.2035
2022/2/17,292.117,48.6007
2022/2/18,285.66,48.3817
2022/2/22,273.843,46.56
2022/2/23,254.68,46.1717
2022/2/24,266.923,46.1418
2022/2/25,269.957,47.217
2022/2/28,290.143,46.5102
2022/3/1,288.123,44.32
2022/3/2,293.297,46.112
2022/3/3,279.763,44.6983
2022/3/4,279.43,42.2095
2022/3/7,268.193,39.6511
2022/3/8,274.8,40.0194
2022/3/9,286.323,42.0901
2022/3/10,279.433,41.662
2022/3/11,265.117,41.3235
2022/3/14,255.457,40.6466
2022/3/15,267.297,41.9407
2022/3/16,280.077,43.653
2022/3/17,290.533,43.4638
2022/3/18,301.797,44.6187
2022/3/21,307.053,43.4142
2022/3/22,331.327,44.3598
2022/3/23,333.037,43.5834
2022/3/24,337.973,44.1508
2022/3/25,336.88,43.454
2022/3/28,363.947,44.0214
2022/3/29,366.523,46.0522
2022/3/30,364.663,45.0169
2022/3/31,359.2,43.5436
2022/4/1,361.53,42.767
2022/4/4,381.817,42.986
2022/4/5,363.753,41.2339
2022/4/6,348.587,39.3226
2022/4/7,352.42,38.5461
2022/4/8,341.83,39.1733
2022/4/11,325.31,40.1488
2022/4/12,328.983,39.8602
2022/4/13,340.79,40.0394
2022/4/14,328.333,39.9498
2022/4/18,334.763,40.4475
2022/4/19,342.717,41.8909
2022/4/20,325.733,41.5326
2022/4/21,336.26,40.5272
2022/4/22,335.017,39.661
2022/4/25,332.673,39.6411
2022/4/26,292.14,37.8691
2022/4/27,293.837,38.4863
2022/4/28,292.503,38.5759
2022/4/29,290.253,37.7397
2022/5/2,300.98,38.2773
2022/5/3,303.083,39.7606
2022/5/4,317.54,40.9851
2022/5/5,291.093,39.7706
2022/5/6,288.55,39.4022
2022/5/9,262.37,38.0881
2022/5/10,266.68,38.5261
2022/5/11,244.667,37.1026
2022/5/12,242.667,35.4003
2022/5/13,256.53,38.0384
2022/5/16,241.457,36.9334
2022/5/17,253.87,37.9289
2022/5/18,236.603,35.6691
2022/5/19,236.473,35.9577
2022/5/20,221.3,35.241
2022/5/23,224.967,35.8383
2022/5/24,209.387,35.0518
2022/5/25,219.6,35.8183
2022/5/26,235.91,37.252
2022/5/27,253.21,38.3967
2022/5/31,252.753,38.5063
2022/6/1,246.79,38.0981
2022/6/2,258.333,38.6954
2022/6/3,234.517,37.441
2022/6/6,238.28,37.66
2022/6/7,238.887,38.1977
2022/6/8,241.867,37.5207
2022/6/9,239.707,36.4854
2022/6/10,232.23,34.8528
2022/6/13,215.737,32.135
2022/6/14,220.89,33.0509
2022/6/15,233,34.0264
2022/6/16,213.1,31.2788
2022/6/17,216.76,31.7368
2022/6/21,237.037,32.4933
2022/6/22,236.087,32.6825
2022/6/23,235.07,32.8419
2022/6/24,245.707,34.6636
2022/6/27,244.92,34.4744
2022/6/28,232.663,33.8374
2022/6/29,228.49,33.2997
2022/6/30,224.473,31.6174
2022/7/1,227.263,32.0454
2022/7/5,233.067,32.2246
2022/7/6,231.733,31.1296
2022/7/7,244.543,32.5133
2022/7/8,250.763,32.1649
2022/7/11,234.343,30.7314
2022/7/12,233.07,31.3884
2022/7/13,237.04,31.5775
2022/7/14,238.313,31.4481
2022/7/15,240.067,32.7223
2022/7/18,240.547,32.4735
2022/7/19,245.53,34.2454
2022/7/20,247.5,34.6038
2022/7/21,271.707,34.9722
2022/7/22,272.243,34.5142
2022/7/25,268.433,34.365
2022/7/26,258.86,33.1903
2022/7/27,274.82,34.5242
2022/7/28,280.9,35.5795
2022/7/29,297.15,36.0971
2022/8/1,297.277,36.6048
2022/8/2,300.587,35.9677
2022/8/3,307.397,37.1424
2022/8/4,308.633,36.0673
2022/8/5,288.17,35.8981
2022/8/8,290.423,37.3912
2022/8/9,283.333,36.4555
2022/8/10,294.357,37.7796
2022/8/11,286.63,38.2873
2022/8/12,300.03,39.3027
2022/8/15,309.32,39.2231
2022/8/16,306.563,38.8149
2022/8/17,303.997,38.2275
2022/8/18,302.87,38.5461
2022/8/19,296.667,39.5217
2022/8/22,289.913,38.3769
2022/8/23,296.453,38.3868
2022/8/24,297.097,39.0737
2022/8/25,296.07,40.2086
2022/8/26,288.09,39.0537
2022/8/29,284.82,39.3325
2022/8/30,277.7,39.0432
2022/8/31,275.61,38.1252
2022/9/1,277.16,38.4744
2022/9/2,270.21,38.3846
2022/9/6,274.42,38.6241
2022/9/7,283.7,40.021
2022/9/8,289.26,40.4101
2022/9/9,299.68,41.1984
2022/9/12,304.42,41.9567
2022/9/13,292.13,40.4401
2022/9/14,302.61,40.5299
2022/9/15,303.75,40.5698
2022/9/16,303.35,39.8813
2022/9/19,309.07,41.2982
2022/9/20,308.73,38.9733
2022/9/21,300.8,37.5964
2022/9/22,288.59,37.2971
2022/9/23,275.33,35.4013
2022/9/26,276.01,34.9622
2022/9/27,282.94,34.633
2022/9/28,287.81,35.1718
2022/9/29,268.21,33.1862
2022/9/30,265.25,32.0188
2022/10/3,242.4,32.7971
2022/10/4,249.44,35.7206
2022/10/5,240.81,34.7627
2022/10/6,238.13,34.5532
2022/10/7,223.07,33.5454
2022/10/10,222.96,32.2184
2022/10/11,216.5,32.0188
2022/10/12,217.24,32.1286
2022/10/13,221.72,32.6873
2022/10/14,204.99,32.817
2022/10/17,219.35,33.4955
2022/10/18,220.19,34.174
2022/10/19,222.04,33.5554
2022/10/20,207.28,33.3658
2022/10/21,214.44,34.9223
2022/10/24,211.25,35.6407
2022/10/25,222.415,36.9279
2022/10/26,224.64,37.776
2022/10/27,225.09,38.0753
2022/10/28,228.52,38.7638
2022/10/31,227.54,39.1629
2022/11/1,227.82,39.2627
2022/11/2,214.98,38.4345
2022/11/3,215.31,38.4245
2022/11/4,207.47,38.9135
2022/11/7,197.08,39.3026
2022/11/8,191.3,38.9634
2022/11/9,177.59,37.9755
2022/11/10,190.72,39.6518
2022/11/11,195.97,41.0288
2022/11/14,190.95,39.8414
2022/11/15,194.42,40.1507
2022/11/16,186.92,38.3846
2022/11/17,183.17,38.5543
2022/11/18,180.19,39.6818
2022/11/21,167.87,39.4323
2022/11/22,169.91,39.8813
2022/11/23,183.2,40.021
2022/11/25,182.86,40.3702
2022/11/28,182.92,39.2926
2022/11/29,180.83,39.6618
2022/11/30,194.7,40.47
2022/12/1,194.7,40.43
2022/12/2,194.86,39.9
2022/12/5,182.45,38.79
2022/12/6,179.82,38.02
2022/12/7,174.04,37.96
2022/12/8,173.44,38.2
2022/12/9,179.05,38.28
2022/12/12,167.82,38.49
2022/12/13,160.95,38.77
2022/12/14,156.8,38.36
2022/12/15,157.67,37.62
2022/12/16,150.23,36.15
2022/12/19,149.87,35.42
2022/12/20,137.8,35.2
2022/12/21,137.57,35.9
2022/12/22,125.35,33.53
2022/12/23,123.15,33.83
2022/12/27,109.1,33.32
2022/12/28,112.71,32.53
2022/12/29,121.82,33.67
2022/12/30,123.18,33.64
