Date,US1Y,JP1Y,USDJPY
2018/1/4,1.82,-0.143,112.78
2018/1/5,1.8,-0.144,113.18
2018/1/9,1.78,-0.136,112.57
2018/1/10,1.78,-0.127,111.48
2018/1/11,1.77,-0.127,111.35
2018/1/12,1.78,-0.137,111.23
2018/1/16,1.78,-0.131,110.74
2018/1/17,1.78,-0.131,110.81
2018/1/18,1.78,-0.132,110.88
2018/1/19,1.78,-0.132,110.56
2018/1/22,1.78,-0.134,111.15
2018/1/23,1.77,-0.135,110.46
2018/1/24,1.78,-0.136,109.15
2018/1/25,1.79,-0.126,108.7
2018/1/26,1.78,-0.127,108.38
2018/1/29,1.78,-0.129,109.12
2018/1/30,1.88,-0.13,108.9
2018/1/31,1.9,-0.13,109.31
2018/2/1,1.89,-0.121,109.5
2018/2/2,1.88,-0.132,110.4
2018/2/5,1.85,-0.134,110.09
2018/2/6,1.87,-0.144,109.18
2018/2/7,1.9,-0.145,109.53
2018/2/8,1.9,-0.146,109
2018/2/9,1.88,-0.146,108.44
2018/2/13,1.94,-0.149,107.59
2018/2/14,1.97,-0.149,107
2018/2/15,1.98,-0.15,106.36
2018/2/16,1.99,-0.15,106.1
2018/2/20,1.99,-0.153,107.23
2018/2/21,2.02,-0.154,107.64
2018/2/22,2.01,-0.155,106.96
2018/2/23,2,-0.153,106.64
2018/2/26,2.02,-0.154,106.96
2018/2/27,2.08,-0.158,107.47
2018/2/28,2.07,-0.159,106.62
2018/3/1,2.05,-0.159,106.91
2018/3/2,2.06,-0.15,105.65
2018/3/5,2.06,-0.168,105.97
2018/3/6,2.06,-0.163,106.03
2018/3/7,2.05,-0.164,105.94
2018/3/8,2.05,-0.154,106.08
2018/3/9,2.03,-0.155,106.74
2018/3/12,2.04,-0.157,106.52
2018/3/13,2.03,-0.148,106.64
2018/3/14,2.04,-0.149,106.17
2018/3/15,2.06,-0.14,106.07
2018/3/16,2.07,-0.141,106.1
2018/3/19,2.07,-0.152,105.83
2018/3/20,2.07,-0.153,106.42
2018/3/22,2.04,-0.154,105.34
2018/3/23,2.03,-0.155,104.83
2018/3/26,2.05,-0.157,105
2018/3/27,2.1,-0.147,105.72
2018/3/28,2.12,-0.148,106.3
2018/3/29,2.09,-0.139,106.27
2018/4/2,2.08,-0.127,105.99
2018/4/3,2.09,-0.133,106.45
2018/4/4,2.07,-0.129,106.56
2018/4/5,2.07,-0.13,107.48
2018/4/6,2.06,-0.141,107.03
2018/4/9,2.07,-0.141,107.06
2018/4/10,2.08,-0.153,107.3
2018/4/11,2.08,-0.154,106.78
2018/4/12,2.1,-0.157,107.3
2018/4/13,2.11,-0.157,107.52
2018/4/16,2.11,-0.15,107.26
2018/4/17,2.14,-0.151,107.09
2018/4/18,2.15,-0.152,107.26
2018/4/19,2.19,-0.142,107.42
2018/4/20,2.2,-0.133,107.6
2018/4/23,2.22,-0.135,108.62
2018/4/24,2.25,-0.143,109.03
2018/4/25,2.26,-0.136,109.33
2018/4/26,2.25,-0.137,109.3
2018/4/27,2.24,-0.138,109.12
2018/5/1,2.26,-0.14,109.69
2018/5/2,2.24,-0.135,109.89
2018/5/7,2.24,-0.137,109.14
2018/5/8,2.25,-0.127,109.16
2018/5/9,2.26,-0.128,109.68
2018/5/10,2.26,-0.136,109.53
2018/5/11,2.27,-0.137,109.26
2018/5/14,2.27,-0.139,109.52
2018/5/15,2.29,-0.13,110.25
2018/5/16,2.3,-0.131,110.22
2018/5/17,2.3,-0.131,110.76
2018/5/18,2.3,-0.132,110.71
2018/5/21,2.33,-0.134,111.08
2018/5/22,2.34,-0.136,110.94
2018/5/23,2.29,-0.137,110.05
2018/5/24,2.28,-0.138,109.3
2018/5/25,2.27,-0.136,109.35
2018/5/29,2.16,-0.139,108.62
2018/5/30,2.23,-0.144,109.04
2018/5/31,2.23,-0.145,108.73
2018/6/1,2.28,-0.141,109.49
2018/6/4,2.29,-0.139,109.66
2018/6/5,2.31,-0.133,109.63
2018/6/6,2.31,-0.134,110
2018/6/7,2.3,-0.135,109.92
2018/6/8,2.29,-0.125,109.45
2018/6/11,2.31,-0.127,109.94
2018/6/12,2.3,-0.128,110.22
2018/6/13,2.33,-0.128,110.41
2018/6/14,2.32,-0.139,110.44
2018/6/15,2.32,-0.14,110.58
2018/6/18,2.33,-0.132,110.44
2018/6/19,2.34,-0.132,110.02
2018/6/20,2.36,-0.133,110.14
2018/6/21,2.34,-0.134,110.05
2018/6/22,2.33,-0.134,109.98
2018/6/25,2.34,-0.136,109.62
2018/6/26,2.33,-0.137,109.92
2018/6/27,2.32,-0.127,110.34
2018/6/28,2.32,-0.128,110.38
2018/6/29,2.32,-0.129,110.71
2018/7/2,2.33,-0.131,110.73
2018/7/3,2.32,-0.132,110.54
2018/7/5,2.31,-0.133,110.59
2018/7/6,2.33,-0.127,110.48
2018/7/9,2.33,-0.125,110.78
2018/7/10,2.34,-0.126,111.24
2018/7/11,2.34,-0.127,111.52
2018/7/12,2.37,-0.127,112.41
2018/7/13,2.35,-0.128,112.38
2018/7/17,2.39,-0.131,112.79
2018/7/18,2.43,-0.132,112.82
2018/7/19,2.39,-0.132,112.98
2018/7/20,2.4,-0.132,111.74
2018/7/23,2.41,-0.113,111.36
2018/7/24,2.41,-0.123,111.27
2018/7/25,2.41,-0.126,111.02
2018/7/26,2.4,-0.117,111.2
2018/7/27,2.42,-0.117,110.94
2018/7/30,2.42,-0.119,110.98
2018/7/31,2.42,-0.12,111.88
2018/8/1,2.43,-0.091,111.72
2018/8/2,2.43,-0.101,111.48
2018/8/3,2.42,-0.112,111.12
2018/8/6,2.42,-0.114,111.43
2018/8/7,2.43,-0.107,111.19
2018/8/8,2.42,-0.107,110.96
2018/8/9,2.42,-0.108,110.9
2018/8/10,2.4,-0.116,110.66
2018/8/13,2.4,-0.118,110.65
2018/8/14,2.44,-0.119,110.92
2018/8/15,2.45,-0.12,110.62
2018/8/16,2.45,-0.12,110.89
2018/8/17,2.44,-0.131,110.54
2018/8/20,2.43,-0.132,110.38
2018/8/21,2.45,-0.132,110.48
2018/8/22,2.43,-0.125,110.54
2018/8/23,2.42,-0.123,111.14
2018/8/24,2.44,-0.116,111.22
2018/8/27,2.46,-0.117,111.09
2018/8/28,2.46,-0.118,111.04
2018/8/29,2.47,-0.119,111.8
2018/8/30,2.46,-0.116,111.17
2018/8/31,2.46,-0.115,110.98
2018/9/4,2.48,-0.117,111.44
2018/9/5,2.48,-0.117,111.47
2018/9/6,2.49,-0.117,110.87
2018/9/7,2.51,-0.118,111.18
2018/9/10,2.52,-0.117,111.09
2018/9/11,2.55,-0.118,111.54
2018/9/12,2.56,-0.118,111.29
2018/9/13,2.55,-0.119,111.92
2018/9/14,2.56,-0.119,112.09
2018/9/18,2.57,-0.112,112.3
2018/9/19,2.57,-0.112,112.21
2018/9/20,2.57,-0.113,112.58
2018/9/21,2.57,-0.114,112.62
2018/9/25,2.58,-0.116,112.88
2018/9/26,2.57,-0.117,112.92
2018/9/27,2.57,-0.124,113.38
2018/9/28,2.57,-0.128,113.48
2018/10/1,2.58,-0.125,113.96
2018/10/2,2.59,-0.121,113.66
2018/10/3,2.6,-0.122,114.19
2018/10/4,2.61,-0.122,113.79
2018/10/5,2.62,-0.133,113.56
2018/10/9,2.65,-0.136,113.13
2018/10/10,2.67,-0.137,112.71
2018/10/11,2.66,-0.137,112.26
2018/10/12,2.66,-0.138,112.02
2018/10/15,2.67,-0.14,111.82
2018/10/16,2.66,-0.14,112.16
2018/10/17,2.66,-0.141,112.21
2018/10/18,2.67,-0.141,112.11
2018/10/19,2.67,-0.142,112.52
2018/10/22,2.67,-0.144,112.78
2018/10/23,2.66,-0.145,112.12
2018/10/24,2.63,-0.146,112.58
2018/10/25,2.64,-0.146,112.54
2018/10/26,2.62,-0.154,111.65
2018/10/29,2.63,-0.155,112.49
2018/10/30,2.64,-0.15,112.76
2018/10/31,2.68,-0.15,112.86
2018/11/1,2.65,-0.146,112.79
2018/11/2,2.69,-0.146,113.09
2018/11/5,2.69,-0.147,113.22
2018/11/6,2.72,-0.155,113.38
2018/11/7,2.74,-0.155,113.32
2018/11/8,2.74,-0.156,113.87
2018/11/9,2.73,-0.156,113.77
2018/11/13,2.72,-0.158,113.97
2018/11/14,2.71,-0.159,113.7
2018/11/15,2.7,-0.16,113.46
2018/11/16,2.68,-0.16,112.76
2018/11/19,2.66,-0.162,112.54
2018/11/20,2.67,-0.162,112.66
2018/11/21,2.67,-0.162,113.06
2018/11/26,2.69,-0.157,113.58
2018/11/27,2.69,-0.158,113.84
2018/11/28,2.68,-0.148,113.96
2018/11/29,2.68,-0.159,113.42
2018/11/30,2.69,-0.145,113.54
2018/12/3,2.71,-0.142,113.54
2018/12/4,2.71,-0.142,112.93
2018/12/6,2.7,-0.17,112.46
2018/12/7,2.68,-0.162,112.6
2018/12/10,2.69,-0.165,112.96
2018/12/11,2.7,-0.166,113.41
2018/12/12,2.7,-0.167,113.28
2018/12/13,2.69,-0.168,113.66
2018/12/14,2.68,-0.179,113.35
2018/12/17,2.66,-0.181,112.96
2018/12/18,2.63,-0.181,112.54
2018/12/19,2.62,-0.172,112.15
2018/12/20,2.63,-0.163,111.34
2018/12/21,2.62,-0.162,111.14
2018/12/26,2.61,-0.147,110.45
2018/12/27,2.58,-0.144,110.78
2018/12/28,2.59,-0.148,110.34
2019/1/4,2.57,-0.173,108.29
2019/1/7,2.58,-0.162,108.62
2019/1/8,2.6,-0.146,108.57
2019/1/9,2.59,-0.144,108.38
2019/1/10,2.59,-0.147,108.29
2019/1/11,2.58,-0.148,108.34
2019/1/15,2.57,-0.16,108.72
2019/1/16,2.57,-0.161,108.84
2019/1/17,2.57,-0.172,109.01
2019/1/18,2.6,-0.173,109.79
2019/1/22,2.59,-0.174,109.34
2019/1/23,2.59,-0.175,109.44
2019/1/24,2.58,-0.176,109.72
2019/1/25,2.6,-0.187,109.6
2019/1/28,2.6,-0.178,109.2
2019/1/29,2.6,-0.179,109.36
2019/1/30,2.57,-0.179,109.57
2019/1/31,2.55,-0.18,108.84
2019/2/1,2.56,-0.191,109.55
2019/2/4,2.57,-0.183,109.96
2019/2/5,2.56,-0.18,109.99
2019/2/6,2.56,-0.174,109.75
2019/2/7,2.55,-0.172,109.7
2019/2/8,2.54,-0.183,109.76
2019/2/12,2.55,-0.178,110.5
2019/2/13,2.55,-0.188,110.86
2019/2/14,2.53,-0.189,110.68
2019/2/15,2.55,-0.19,110.54
2019/2/19,2.54,-0.191,110.68
2019/2/20,2.54,-0.193,#N/A
2019/2/21,2.55,-0.194,110.72
2019/2/22,2.55,-0.195,110.7
2019/2/25,2.56,-0.187,111.07
2019/2/26,2.55,-0.178,110.76
2019/2/27,2.54,-0.178,110.92
2019/2/28,2.54,-0.159,111.38
2019/3/1,2.55,-0.16,111.89
2019/3/4,2.54,-0.152,111.68
2019/3/5,2.54,-0.142,111.98
2019/3/6,2.54,-0.143,111.66
2019/3/7,2.52,-0.144,111.6
2019/3/8,2.53,-0.144,111.11
2019/3/11,2.53,-0.145,111.21
2019/3/12,2.52,-0.147,111.38
2019/3/13,2.53,-0.157,111.23
2019/3/14,2.52,-0.158,111.71
2019/3/15,2.52,-0.16,111.57
2019/3/18,2.52,-0.161,111.41
2019/3/19,2.5,-0.162,111.38
2019/3/20,2.48,-0.163,111.41
2019/3/22,2.45,-0.184,109.76
2019/3/25,2.42,-0.188,110.09
2019/3/26,2.44,-0.177,110.5
2019/3/27,2.4,-0.177,110.38
2019/3/28,2.4,-0.178,110.54
2019/3/29,2.4,-0.178,110.68
2019/4/1,2.41,-0.171,111.29
2019/4/2,2.41,-0.156,111.32
2019/4/3,2.41,-0.152,111.48
2019/4/4,2.41,-0.153,111.55
2019/4/5,2.43,-0.153,111.71
2019/4/8,2.43,-0.155,111.47
2019/4/9,2.42,-0.156,111.08
2019/4/10,2.41,-0.166,110.92
2019/4/11,2.44,-0.167,111.48
2019/4/12,2.44,-0.168,112
2019/4/15,2.43,-0.17,112
2019/4/16,2.45,-0.17,111.95
2019/4/17,2.44,-0.161,112
2019/4/18,2.44,-0.171,111.94
2019/4/22,2.46,-0.164,111.94
2019/4/23,2.43,-0.164,111.86
2019/4/24,2.42,-0.158,111.81
2019/4/25,2.42,-0.159,111.59
2019/4/26,2.41,-0.157,111.6
2019/5/7,2.38,-0.161,110.34
2019/5/8,2.38,-0.162,110.12
2019/5/9,2.37,-0.155,109.55
2019/5/10,2.37,-0.156,109.56
2019/5/13,2.33,-0.158,109.18
2019/5/14,2.33,-0.159,109.68
2019/5/15,2.31,-0.16,109.58
2019/5/16,2.34,-0.16,109.89
2019/5/17,2.34,-0.161,109.9
2019/5/20,2.35,-0.155,109.96
2019/5/21,2.36,-0.156,110.6
2019/5/22,2.37,-0.154,110.28
2019/5/23,2.32,-0.154,109.58
2019/5/24,2.33,-0.16,109.38
2019/5/28,2.32,-0.154,109.49
2019/5/29,2.31,-0.166,109.24
2019/5/30,2.29,-0.157,109.67
2019/5/31,2.22,-0.158,108.66
2019/6/3,2.13,-0.161,108.39
2019/6/4,2.13,-0.162,108.3
2019/6/5,2.05,-0.183,108.2
2019/6/6,2.03,-0.183,108.08
2019/6/7,1.98,-0.173,108.15
2019/6/10,2.04,-0.176,108.56
2019/6/11,2.06,-0.176,108.52
2019/6/12,2.03,-0.177,108.42
2019/6/13,2.01,-0.178,108.44
2019/6/14,2.01,-0.178,108.44
2019/6/17,2.05,-0.175,108.56
2019/6/18,2.04,-0.181,108.39
2019/6/19,1.96,-0.191,108.36
2019/6/20,1.91,-0.212,107.52
2019/6/21,1.95,-0.219,107.55
2019/6/24,1.93,-0.219,107.36
2019/6/25,1.94,-0.221,106.92
2019/6/26,1.97,-0.212,107.64
2019/6/27,1.94,-0.205,107.73
2019/6/28,1.93,-0.196,107.84
2019/7/1,1.95,-0.2,108.42
2019/7/2,1.92,-0.2,107.98
2019/7/3,1.92,-0.201,107.84
2019/7/5,1.99,-0.193,108.55
2019/7/8,2,-0.185,108.72
2019/7/9,2.01,-0.186,108.78
2019/7/10,1.94,-0.177,108.44
2019/7/11,1.98,-0.186,108.29
2019/7/12,1.97,-0.176,108
2019/7/16,2,-0.179,108.35
2019/7/17,1.95,-0.179,108.1
2019/7/18,1.9,-0.19,107.74
2019/7/19,1.94,-0.191,107.78
2019/7/22,1.95,-0.183,107.91
2019/7/23,1.97,-0.183,108.06
2019/7/24,1.98,-0.184,108.08
2019/7/25,1.99,-0.192,108.58
2019/7/26,2,-0.195,108.69
2019/7/29,1.99,-0.187,108.86
2019/7/30,1.98,-0.188,108.66
2019/7/31,2,-0.189,108.58
2019/8/1,1.89,-0.18,108.28
2019/8/2,1.86,-0.19,106.64
2019/8/5,1.79,-0.193,106.02
2019/8/6,1.81,-0.194,106.45
2019/8/7,1.77,-0.205,105.62
2019/8/8,1.8,-0.206,106.04
2019/8/9,1.79,-0.219,105.3
2019/8/13,1.86,-0.241,106.6
2019/8/14,1.79,-0.232,105.79
2019/8/15,1.72,-0.243,106.12
2019/8/16,1.71,-0.239,106.34
2019/8/19,1.75,-0.247,106.5
2019/8/20,1.73,-0.253,106.35
2019/8/21,1.77,-0.265,106.52
2019/8/22,1.79,-0.27,106.44
2019/8/23,1.74,-0.267,105.3
2019/8/26,1.76,-0.291,106
2019/8/27,1.78,-0.273,105.8
2019/8/28,1.75,-0.274,105.86
2019/8/29,1.76,-0.277,106.5
2019/8/30,1.77,-0.268,106.3
2019/9/3,1.74,-0.251,105.88
2019/9/4,1.71,-0.262,106.28
2019/9/5,1.75,-0.263,106.96
2019/9/6,1.75,-0.274,106.8
2019/9/9,1.76,-0.287,107.14
2019/9/10,1.81,-0.268,107.34
2019/9/11,1.79,-0.259,107.73
2019/9/12,1.82,-0.27,107.97
2019/9/13,1.88,-0.237,108.12
2019/9/17,1.88,-0.24,108.12
2019/9/18,1.88,-0.251,108.17
2019/9/19,1.89,-0.277,108
2019/9/20,1.84,-0.288,107.95
2019/9/24,1.79,-0.292,107.32
2019/9/25,1.82,-0.313,107.78
2019/9/26,1.79,-0.304,107.67
2019/9/27,1.75,-0.305,108.05
2019/9/30,1.76,-0.299,108.11
2019/10/1,1.74,-0.279,107.7
2019/10/2,1.68,-0.299,107.21
2019/10/3,1.59,-0.31,106.76
2019/10/4,1.59,-0.311,106.91
2019/10/7,1.66,-0.313,107.06
2019/10/8,1.62,-0.295,107.06
2019/10/9,1.59,-0.296,107.43
2019/10/10,1.63,-0.295,107.91
2019/10/11,1.67,-0.286,108.52
2019/10/15,1.65,-0.272,108.83
2019/10/16,1.59,-0.264,108.71
2019/10/17,1.59,-0.25,108.51
2019/10/18,1.58,-0.241,108.44
2019/10/21,1.59,-0.243,108.57
2019/10/23,1.58,-0.244,108.64
2019/10/24,1.59,-0.242,108.62
2019/10/25,1.6,-0.225,108.75
2019/10/28,1.6,-0.207,109.02
2019/10/29,1.59,-0.198,108.83
2019/10/30,1.59,-0.199,108.88
2019/10/31,1.53,-0.219,108.09
2019/11/1,1.53,-0.239,108.16
2019/11/5,1.62,-0.223,109.13
2019/11/6,1.58,-0.173,108.86
2019/11/7,1.58,-0.173,109.42
2019/11/8,1.58,-0.174,109.14
2019/11/12,1.58,-0.177,109.09
2019/11/13,1.57,-0.188,108.83
2019/11/14,1.55,-0.198,108.33
2019/11/15,1.54,-0.199,108.8
2019/11/18,1.54,-0.206,108.61
2019/11/19,1.54,-0.212,108.59
2019/11/20,1.54,-0.213,108.67
2019/11/21,1.55,-0.193,108.53
2019/11/22,1.56,-0.187,108.67
2019/11/25,1.58,-0.185,108.95
2019/11/26,1.59,-0.178,109.11
2019/11/27,1.6,-0.179,109.38
2019/11/29,1.6,-0.158,109.47
2019/12/2,1.6,-0.16,109.09
2019/12/3,1.57,-0.15,108.53
2019/12/4,1.56,-0.151,108.87
2019/12/5,1.56,-0.152,108.69
2019/12/6,1.57,-0.143,108.66
2019/12/9,1.56,-0.135,108.59
2019/12/10,1.56,-0.133,108.73
2019/12/11,1.55,-0.126,108.67
2019/12/12,1.55,-0.137,109.16
2019/12/13,1.53,-0.137,109.28
2019/12/16,1.54,-0.145,109.64
2019/12/17,1.53,-0.14,109.52
2019/12/18,1.54,-0.136,109.58
2019/12/19,1.52,-0.131,109.23
2019/12/20,1.52,-0.121,109.45
2019/12/23,1.53,-0.121,109.39
2019/12/24,1.53,-0.111,109.38
2019/12/26,1.53,-0.128,109.67
2019/12/27,1.51,-0.128,109.47
2019/12/30,1.57,-0.129,108.85
2020/1/6,1.54,-0.124,108.36
2020/1/7,1.53,-0.113,108.53
2020/1/8,1.55,-0.114,109.03
2020/1/9,1.54,-0.115,109.47
2020/1/10,1.53,-0.118,109.5
2020/1/14,1.53,-0.118,110.05
2020/1/15,1.54,-0.119,109.94
2020/1/16,1.54,-0.124,110.16
2020/1/17,1.56,-0.13,110.16
2020/1/21,1.54,-0.123,109.95
2020/1/22,1.55,-0.123,109.93
2020/1/23,1.55,-0.134,109.39
2020/1/24,1.55,-0.135,109.31
2020/1/27,1.54,-0.137,108.95
2020/1/28,1.53,-0.129,109.17
2020/1/29,1.51,-0.138,109.15
2020/1/30,1.48,-0.149,108.75
2020/1/31,1.45,-0.14,108.5
2020/2/3,1.46,-0.141,108.59
2020/2/4,1.48,-0.142,109.41
2020/2/5,1.49,-0.142,109.74
2020/2/6,1.51,-0.143,109.89
2020/2/7,1.49,-0.154,109.81
2020/2/10,1.46,-0.156,109.77
2020/2/12,1.49,-0.157,110
2020/2/13,1.49,-0.158,109.81
2020/2/14,1.49,-0.149,109.77
2020/2/18,1.48,-0.151,109.8
2020/2/19,1.48,-0.152,111.17
2020/2/20,1.47,-0.147,111.86
2020/2/21,1.44,-0.157,111.74
2020/2/25,1.3,-0.186,110.23
2020/2/26,1.26,-0.187,110.36
2020/2/27,1.18,-0.197,110.15
2020/2/28,0.97,-0.218,108.12
2020/3/2,0.89,-0.22,108.02
2020/3/3,0.73,-0.211,107.28
2020/3/4,0.59,-0.242,107.34
2020/3/5,0.48,-0.233,106.56
2020/3/6,0.39,-0.264,105.31
2020/3/9,0.31,-0.297,102.52
2020/3/10,0.43,-0.248,103.71
2020/3/11,0.4,-0.236,104.81
2020/3/12,0.39,-0.234,105.67
2020/3/13,0.38,-0.225,107.15
2020/3/16,0.29,-0.229,105.64
2020/3/17,0.3,-0.24,107.41
2020/3/18,0.19,-0.221,108.45
2020/3/19,0.18,-0.226,110.08
2020/3/23,0.16,-0.247,111.36
2020/3/24,0.25,-0.255,111.44
2020/3/25,0.19,-0.245,111.43
2020/3/26,0.13,-0.246,109.45
2020/3/27,0.11,-0.189,108.16
2020/3/30,0.14,-0.179,108.06
2020/3/31,0.17,-0.15,107.53
2020/4/1,0.16,-0.15,107.05
2020/4/2,0.14,-0.14,107.85
2020/4/3,0.15,-0.141,108.53
2020/4/6,0.19,-0.143,109.11
2020/4/7,0.19,-0.152,108.97
2020/4/8,0.23,-0.154,108.7
2020/4/9,0.25,-0.157,108.38
2020/4/13,0.27,-0.178,107.59
2020/4/14,0.25,-0.178,107.08
2020/4/15,0.19,-0.169,107.42
2020/4/16,0.17,-0.169,107.72
2020/4/17,0.16,-0.155,107.52
2020/4/20,0.15,-0.152,107.69
2020/4/21,0.17,-0.146,107.69
2020/4/22,0.16,-0.153,107.81
2020/4/23,0.17,-0.161,107.65
2020/4/24,0.18,-0.182,107.44
2020/4/27,0.17,-0.187,107.22
2020/4/28,0.16,-0.196,106.83
2020/4/30,0.16,-0.188,106.94
2020/5/1,0.17,-0.18,106.76
2020/5/7,0.15,-0.174,106.36
2020/5/8,0.15,-0.176,106.5
2020/5/11,0.16,-0.176,107.7
2020/5/12,0.16,-0.177,107.33
2020/5/13,0.15,-0.178,106.92
2020/5/14,0.15,-0.178,107.09
2020/5/15,0.15,-0.173,107.27
2020/5/18,0.17,-0.181,107.25
2020/5/19,0.16,-0.171,107.89
2020/5/20,0.16,-0.172,107.46
2020/5/21,0.16,-0.179,107.69
2020/5/22,0.17,-0.19,107.5
2020/5/26,0.17,-0.174,107.64
2020/5/27,0.18,-0.157,107.79
2020/5/28,0.17,-0.167,107.67
2020/5/29,0.17,-0.158,107.77
2020/6/1,0.17,-0.17,107.56
2020/6/2,0.17,-0.17,108.6
2020/6/3,0.17,-0.171,108.88
2020/6/4,0.17,-0.172,109
2020/6/5,0.18,-0.162,109.68
2020/6/8,0.19,-0.164,108.46
2020/6/9,0.19,-0.165,107.66
2020/6/10,0.18,-0.165,107.25
2020/6/11,0.19,-0.169,106.67
2020/6/12,0.18,-0.167,107.36
2020/6/15,0.17,-0.169,107.33
2020/6/16,0.18,-0.169,107.35
2020/6/17,0.19,-0.17,107.26
2020/6/18,0.19,-0.171,106.78
2020/6/19,0.18,-0.161,106.89
2020/6/22,0.17,-0.163,106.84
2020/6/23,0.18,-0.164,106.44
2020/6/24,0.17,-0.165,106.83
2020/6/25,0.17,-0.173,107.21
2020/6/26,0.17,-0.176,107.19
2020/6/29,0.16,-0.18,107.71
2020/6/30,0.16,-0.18,107.77
2020/7/1,0.16,-0.18,107.5
2020/7/2,0.16,-0.18,107.55
2020/7/6,0.16,-0.171,107.5
2020/7/7,0.15,-0.172,107.53
2020/7/8,0.15,-0.173,107.39
2020/7/9,0.15,-0.173,107.27
2020/7/10,0.15,-0.173,106.77
2020/7/13,0.16,-0.174,107.22
2020/7/14,0.17,-0.175,107.2
2020/7/15,0.15,-0.169,106.92
2020/7/16,0.14,-0.17,107.05
2020/7/17,0.14,-0.17,107.06
2020/7/20,0.14,-0.166,107.21
2020/7/21,0.15,-0.167,106.82
2020/7/22,0.14,-0.163,107.18
2020/7/27,0.14,-0.158,105.29
2020/7/28,0.14,-0.159,105.03
2020/7/29,0.13,-0.158,105.06
2020/7/30,0.11,-0.158,105.05
2020/7/31,0.11,-0.159,105.78
2020/8/3,0.12,-0.151,106.11
2020/8/4,0.14,-0.152,105.87
2020/8/5,0.12,-0.152,105.44
2020/8/6,0.14,-0.143,105.52
2020/8/7,0.14,-0.144,105.92
2020/8/11,0.15,-0.126,106.56
2020/8/12,0.13,-0.12,106.85
2020/8/13,0.14,-0.127,106.89
2020/8/14,0.13,-0.122,106.49
2020/8/17,0.13,-0.12,105.97
2020/8/18,0.13,-0.126,105.41
2020/8/19,0.13,-0.127,105.71
2020/8/20,0.12,-0.122,105.81
2020/8/21,0.13,-0.123,105.88
2020/8/24,0.14,-0.125,105.9
2020/8/25,0.13,-0.118,106.4
2020/8/26,0.12,-0.116,106.13
2020/8/27,0.13,-0.127,106.42
2020/8/28,0.12,-0.127,105.3
2020/8/31,0.12,-0.129,105.84
2020/9/1,0.12,-0.13,106
2020/9/2,0.13,-0.121,106.15
2020/9/3,0.12,-0.132,106.14
2020/9/4,0.13,-0.133,106.34
2020/9/8,0.15,-0.136,105.97
2020/9/9,0.14,-0.137,106.23
2020/9/10,0.15,-0.138,106.19
2020/9/11,0.13,-0.139,106.17
2020/9/14,0.14,-0.142,105.68
2020/9/15,0.13,-0.143,105.5
2020/9/16,0.12,-0.144,104.94
2020/9/17,0.12,-0.145,104.77
2020/9/18,0.13,-0.146,104.44
2020/9/23,0.13,-0.158,105.34
2020/9/24,0.12,-0.16,105.42
2020/9/25,0.12,-0.154,105.59
2020/9/28,0.12,-0.157,105.5
2020/9/29,0.12,-0.158,105.68
2020/9/30,0.12,-0.149,105.58
2020/10/1,0.12,-0.14,105.53
2020/10/2,0.12,-0.141,105.36
2020/10/5,0.12,-0.142,105.7
2020/10/6,0.14,-0.133,105.64
2020/10/7,0.13,-0.134,105.97
2020/10/8,0.13,-0.134,105.98
2020/10/9,0.15,-0.135,105.72
2020/10/13,0.13,-0.138,105.55
2020/10/14,0.13,-0.138,105.08
2020/10/15,0.12,-0.139,105.38
2020/10/16,0.12,-0.14,105.41
2020/10/19,0.13,-0.142,105.42
2020/10/20,0.13,-0.142,105.56
2020/10/21,0.13,-0.133,104.58
2020/10/22,0.13,-0.134,104.88
2020/10/23,0.12,-0.134,104.78
2020/10/26,0.12,-0.126,104.86
2020/10/27,0.12,-0.135,104.44
2020/10/28,0.12,-0.136,104.33
2020/10/29,0.12,-0.137,104.69
2020/10/30,0.13,-0.138,104.54
2020/11/2,0.13,-0.13,104.8
2020/11/4,0.12,-0.132,104.39
2020/11/5,0.12,-0.142,103.67
2020/11/6,0.12,-0.143,103.32
2020/11/9,0.12,-0.145,105.58
2020/11/10,0.12,-0.136,105.36
2020/11/12,0.13,-0.147,105.16
2020/11/13,0.12,-0.147,104.61
2020/11/16,0.12,-0.149,104.54
2020/11/17,0.12,-0.151,104.2
2020/11/18,0.11,-0.151,103.72
2020/11/19,0.11,-0.152,103.85
2020/11/20,0.11,-0.152,103.81
2020/11/24,0.11,-0.152,104.61
2020/11/25,0.11,-0.146,104.39
2020/11/27,0.11,-0.137,#N/A
2020/11/30,0.11,-0.129,104.38
2020/12/1,0.12,-0.13,104.4
2020/12/2,0.11,-0.121,104.52
2020/12/3,0.1,-0.122,103.77
2020/12/4,0.11,-0.132,104.16
2020/12/7,0.1,-0.134,104.01
2020/12/8,0.1,-0.134,104.14
2020/12/9,0.1,-0.135,104.28
2020/12/10,0.1,-0.128,104.3
2020/12/11,0.1,-0.129,103.88
2020/12/14,0.1,-0.132,104.06
2020/12/15,0.09,-0.133,103.69
2020/12/16,0.09,-0.124,103.59
2020/12/17,0.09,-0.125,103.13
2020/12/18,0.09,-0.126,103.35
2020/12/21,0.09,-0.124,103.44
2020/12/22,0.09,-0.124,103.62
2020/12/23,0.09,-0.124,103.52
2020/12/24,0.1,-0.125,#N/A
2020/12/28,0.11,-0.126,103.84
2020/12/29,0.11,-0.118,103.5
2020/12/30,0.12,-0.119,103.31
2021/1/4,0.1,-0.112,103.19
2021/1/5,0.1,-0.112,102.7
2021/1/6,0.11,-0.113,103.25
2021/1/7,0.11,-0.114,103.84
2021/1/8,0.1,-0.114,103.89
2021/1/12,0.11,-0.117,104.09
2021/1/13,0.12,-0.124,103.91
2021/1/14,0.1,-0.128,103.66
2021/1/15,0.1,-0.129,103.8
2021/1/19,0.1,-0.122,103.86
2021/1/20,0.1,-0.132,#N/A
2021/1/21,0.1,-0.133,103.57
2021/1/22,0.1,-0.134,103.76
2021/1/25,0.1,-0.126,103.78
2021/1/26,0.09,-0.126,103.69
2021/1/27,0.09,-0.127,104.09
2021/1/28,0.08,-0.128,104.31
2021/1/29,0.1,-0.118,104.64
2021/2/1,0.08,-0.12,104.97
2021/2/2,0.08,-0.111,105.09
2021/2/3,0.08,-0.112,105.05
2021/2/4,0.07,-0.122,105.43
2021/2/5,0.06,-0.123,105.44
2021/2/8,0.07,-0.125,105.19
2021/2/9,0.07,-0.125,104.62
2021/2/10,0.07,-0.116,104.67
2021/2/12,0.06,-0.127,104.94
2021/2/16,0.08,-0.126,105.88
2021/2/17,0.07,-0.121,105.83
2021/2/18,0.06,-0.126,105.69
2021/2/19,0.07,-0.122,105.58
2021/2/22,0.06,-0.117,105.06
2021/2/24,0.08,-0.118,105.91
2021/2/25,0.09,-0.117,106.22
2021/2/26,0.08,-0.117,106.64
2021/3/1,0.08,-0.12,106.68
2021/3/2,0.08,-0.12,106.75
2021/3/3,0.08,-0.121,106.92
2021/3/4,0.08,-0.122,107.58
2021/3/5,0.08,-0.132,108.24
2021/3/8,0.09,-0.125,108.92
2021/3/9,0.1,-0.123,108.64
2021/3/10,0.08,-0.116,108.58
2021/3/11,0.08,-0.124,108.44
2021/3/12,0.09,-0.127,108.87
2021/3/15,0.08,-0.129,109.11
2021/3/16,0.07,-0.14,109.01
2021/3/17,0.07,-0.13,109.22
2021/3/18,0.07,-0.131,108.97
2021/3/19,0.06,-0.121,108.85
2021/3/22,0.06,-0.133,108.67
2021/3/23,0.08,-0.124,108.61
2021/3/24,0.07,-0.132,108.81
2021/3/25,0.07,-0.115,109.13
2021/3/26,0.06,-0.116,109.55
2021/3/29,0.06,-0.118,109.73
2021/3/30,0.06,-0.128,110.19
2021/3/31,0.07,-0.129,110.61
2021/4/1,0.06,-0.13,110.61
2021/4/2,0.07,-0.12,110.67
2021/4/5,0.06,-0.123,110.08
2021/4/6,0.06,-0.123,109.83
2021/4/7,0.06,-0.124,109.67
2021/4/8,0.05,-0.124,109.25
2021/4/9,0.06,-0.125,109.64
2021/4/12,0.06,-0.12,109.43
2021/4/13,0.06,-0.128,109.19
2021/4/14,0.06,-0.128,108.93
2021/4/15,0.06,-0.13,108.78
2021/4/16,0.06,-0.13,108.78
2021/4/19,0.07,-0.127,108.09
2021/4/20,0.07,-0.122,108.07
2021/4/21,0.07,-0.133,108.09
2021/4/22,0.06,-0.134,108.17
2021/4/23,0.07,-0.134,107.94
2021/4/26,0.06,-0.126,108.12
2021/4/27,0.06,-0.127,108.56
2021/4/28,0.05,-0.127,108.81
2021/4/30,0.05,-0.119,109.33
2021/5/6,0.05,-0.123,109.17
2021/5/7,0.05,-0.124,108.52
2021/5/10,0.05,-0.126,108.7
2021/5/11,0.05,-0.126,108.53
2021/5/12,0.05,-0.127,109.53
2021/5/13,0.05,-0.128,109.56
2021/5/14,0.05,-0.128,109.37
2021/5/17,0.05,-0.126,109.17
2021/5/18,0.06,-0.121,109.01
2021/5/19,0.05,-0.122,108.76
2021/5/20,0.05,-0.122,108.79
2021/5/21,0.04,-0.123,108.94
2021/5/24,0.04,-0.125,108.81
2021/5/25,0.04,-0.125,108.95
2021/5/26,0.04,-0.126,109.1
2021/5/27,0.04,-0.127,109.81
2021/5/28,0.05,-0.127,109.83
2021/6/1,0.04,-0.12,109.43
2021/6/2,0.05,-0.121,109.59
2021/6/3,0.04,-0.122,110.28
2021/6/4,0.05,-0.123,109.42
2021/6/7,0.05,-0.126,109.25
2021/6/8,0.05,-0.127,109.47
2021/6/9,0.05,-0.125,109.61
2021/6/10,0.05,-0.119,109.49
2021/6/11,0.05,-0.119,109.75
2021/6/14,0.05,-0.122,109.98
2021/6/15,0.08,-0.123,110.12
2021/6/16,0.08,-0.12,109.88
2021/6/17,0.08,-0.12,110.28
2021/6/18,0.09,-0.121,110.21
2021/6/21,0.09,-0.117,110.22
2021/6/22,0.09,-0.117,110.75
2021/6/23,0.08,-0.117,110.86
2021/6/24,0.08,-0.118,110.91
2021/6/25,0.08,-0.118,110.78
2021/6/28,0.08,-0.117,110.5
2021/6/29,0.07,-0.118,110.53
2021/6/30,0.07,-0.109,111.05
2021/7/1,0.08,-0.11,111.56
2021/7/2,0.07,-0.11,111.28
2021/7/6,0.07,-0.103,110.66
2021/7/7,0.07,-0.103,110.62
2021/7/8,0.07,-0.112,109.82
2021/7/9,0.07,-0.113,110.18
2021/7/12,0.07,-0.107,110.36
2021/7/13,0.08,-0.117,110.36
2021/7/14,0.08,-0.118,110.03
2021/7/15,0.07,-0.119,110.05
2021/7/16,0.08,-0.119,110.13
2021/7/19,0.07,-0.131,109.45
2021/7/20,0.08,-0.132,109.92
2021/7/21,0.07,-0.132,110.22
2021/7/26,0.08,-0.136,110.31
2021/7/27,0.07,-0.126,109.64
2021/7/28,0.07,-0.127,110.06
2021/7/29,0.07,-0.127,109.53
2021/7/30,0.07,-0.128,109.7
2021/8/2,0.07,-0.13,109.22
2021/8/3,0.07,-0.131,109.09
2021/8/4,0.07,-0.132,109.44
2021/8/5,0.08,-0.132,109.75
2021/8/6,0.08,-0.133,110.22
2021/8/10,0.08,-0.128,110.54
2021/8/11,0.08,-0.129,110.47
2021/8/12,0.09,-0.13,110.36
2021/8/13,0.08,-0.131,109.75
2021/8/16,0.08,-0.134,109.26
2021/8/17,0.07,-0.135,109.59
2021/8/18,0.07,-0.136,109.92
2021/8/19,0.06,-0.137,109.75
2021/8/20,0.06,-0.138,109.77
2021/8/23,0.07,-0.135,109.78
2021/8/24,0.06,-0.135,109.68
2021/8/25,0.07,-0.133,110.03
2021/8/26,0.06,-0.134,110.09
2021/8/27,0.07,-0.135,109.84
2021/8/30,0.07,-0.138,109.91
2021/8/31,0.07,-0.129,110.05
2021/9/1,0.07,-0.13,110.03
2021/9/2,0.07,-0.121,110.01
2021/9/3,0.07,-0.122,109.64
2021/9/7,0.08,-0.115,110.17
2021/9/8,0.08,-0.116,110.32
2021/9/9,0.07,-0.117,109.76
2021/9/10,0.08,-0.118,109.93
2021/9/13,0.07,-0.121,109.94
2021/9/14,0.07,-0.122,109.66
2021/9/15,0.07,-0.123,109.4
2021/9/16,0.07,-0.119,109.67
2021/9/17,0.07,-0.12,109.94
2021/9/21,0.07,-0.123,109.33
2021/9/22,0.08,-0.124,109.59
2021/9/24,0.07,-0.125,110.72
2021/9/27,0.08,-0.117,110.97
2021/9/28,0.08,-0.118,111.33
2021/9/29,0.08,-0.119,111.83
2021/9/30,0.08,-0.109,111.5
2021/10/1,0.08,-0.12,110.97
2021/10/4,0.08,-0.113,110.94
2021/10/5,0.09,-0.114,111.39
2021/10/6,0.1,-0.113,111.33
2021/10/7,0.1,-0.114,111.5
2021/10/8,0.09,-0.114,112.15
2021/10/12,0.1,-0.117,113.69
2021/10/13,0.1,-0.118,113.49
2021/10/14,0.09,-0.119,113.59
2021/10/15,0.11,-0.119,114.31
2021/10/18,0.1,-0.116,114.22
2021/10/19,0.1,-0.117,114.27
2021/10/20,0.09,-0.117,114.24
2021/10/21,0.11,-0.117,113.75
2021/10/22,0.12,-0.117,113.54
2021/10/25,0.12,-0.116,113.7
2021/10/26,0.12,-0.108,114.19
2021/10/27,0.11,-0.109,113.75
2021/10/28,0.13,-0.109,113.38
2021/10/29,0.13,-0.109,114.03
2021/11/1,0.13,-0.11,114.19
2021/11/2,0.15,-0.1,113.78
2021/11/4,0.14,-0.102,113.63
2021/11/5,0.14,-0.112,113.45
2021/11/8,0.15,-0.112,113.15
2021/11/9,0.13,-0.105,112.87
2021/11/10,0.16,-0.106,113.89
2021/11/12,0.16,-0.117,113.9
2021/11/15,0.17,-0.125,113.96
2021/11/16,0.16,-0.131,114.62
2021/11/17,0.16,-0.136,114.33
2021/11/18,0.16,-0.131,114.22
2021/11/19,0.16,-0.136,113.81
2021/11/22,0.18,-0.137,114.69
2021/11/24,0.22,-0.138,115.34
2021/11/26,0.18,-0.14,113.46
2021/11/29,0.19,-0.139,113.75
2021/11/30,0.24,-0.13,113.22
2021/12/1,0.25,-0.13,112.82
2021/12/2,0.26,-0.12,113.1
2021/12/3,0.25,-0.121,112.88
2021/12/6,0.27,-0.123,113.31
2021/12/7,0.3,-0.124,113.61
2021/12/8,0.28,-0.124,113.83
2021/12/9,0.26,-0.115,113.53
2021/12/10,0.26,-0.113,113.36
2021/12/13,0.25,-0.114,113.42
2021/12/14,0.25,-0.119,113.63
2021/12/15,0.27,-0.119,113.83
2021/12/16,0.25,-0.116,113.67
2021/12/17,0.25,-0.11,113.56
2021/12/20,0.25,-0.112,113.45
2021/12/21,0.26,-0.113,114.11
2021/12/22,0.26,-0.104,114.22
2021/12/23,0.28,-0.104,114.42
2021/12/27,0.3,-0.099,114.85
2021/12/28,0.39,-0.099,114.75
2021/12/29,0.39,-0.098,114.97
2021/12/30,0.38,-0.089,115.17
2022/1/4,0.38,-0.091,116.12
2022/1/5,0.41,-0.091,115.91
2022/1/6,0.44,-0.1,115.78
2022/1/7,0.42,-0.1,115.61
2022/1/11,0.45,-0.108,115.38
2022/1/12,0.46,-0.108,114.74
2022/1/13,0.46,-0.107,114.06
2022/1/14,0.49,-0.107,113.89
2022/1/18,0.56,-0.106,114.6
2022/1/19,0.54,-0.106,114.28
2022/1/20,0.57,-0.105,114.08
2022/1/21,0.55,-0.105,113.72
2022/1/24,0.56,-0.093,113.82
2022/1/25,0.65,-0.093,113.88
2022/1/26,0.7,-0.093,114.33
2022/1/27,0.75,-0.082,115.47
2022/1/28,0.75,-0.082,115.21
2022/1/31,0.77,-0.08,115.22
2022/2/1,0.77,-0.08,114.77
2022/2/2,0.75,-0.08,114.36
2022/2/3,0.76,-0.081,114.88
2022/2/4,0.88,-0.081,115.22
2022/2/7,0.87,-0.082,115.09
2022/2/8,0.89,-0.082,115.62
2022/2/9,0.89,-0.083,115.44
2022/2/10,1.11,-0.08,115.84
2022/2/14,1.1,-0.074,115.72
2022/2/15,1.07,-0.075,115.64
2022/2/16,1.06,-0.075,115.41
2022/2/17,1.01,-0.065,115.03
2022/2/18,0.99,-0.066,115.08
2022/2/22,1.18,-0.07,114.94
2022/2/24,1.08,-0.07,115.45
2022/2/25,1.13,-0.07,115.62
2022/2/28,1,-0.07,115.11
2022/3/1,0.9,-0.07,114.87
2022/3/2,1.05,-0.07,115.59
2022/3/3,1.07,-0.071,115.67
2022/3/4,1.04,-0.081,114.65
2022/3/7,1.05,-0.082,115.41
2022/3/8,1.09,-0.083,115.64
2022/3/9,1.12,-0.073,115.87
2022/3/10,1.16,-0.073,116.05
2022/3/11,1.18,-0.074,117.08
2022/3/14,1.23,-0.064,118
2022/3/15,1.22,-0.065,118.19
2022/3/16,1.29,-0.065,118.48
2022/3/17,1.23,-0.065,118.45
2022/3/18,1.22,-0.06,119.17
2022/3/22,1.6,-0.062,120.66
2022/3/23,1.53,-0.062,121.02
2022/3/24,1.55,-0.063,122.08
2022/3/25,1.66,-0.063,121.98
2022/3/28,1.67,-0.054,123.25
2022/3/29,1.66,-0.055,122.61
2022/3/30,1.62,-0.065,121.97
2022/3/31,1.61,-0.075,121.44
2022/4/1,1.69,-0.075,122.6
2022/4/4,1.69,-0.076,122.7
2022/4/5,1.73,-0.076,123.48
2022/4/6,1.76,-0.075,123.7
2022/4/7,1.73,-0.077,123.8
2022/4/8,1.77,-0.097,124.31
2022/4/11,1.8,-0.105,125.55
2022/4/12,1.71,-0.108,125.25
2022/4/13,1.71,-0.099,125.51
2022/4/14,1.78,-0.095,125.92
2022/4/18,1.77,-0.085,126.77
2022/4/19,1.94,-0.085,128.55
2022/4/20,1.93,-0.075,127.76
2022/4/21,2.02,-0.081,128.62
2022/4/22,2.06,-0.085,128.78
2022/4/25,2.02,-0.085,127.66
2022/4/26,1.97,-0.085,127.37
2022/4/27,1.96,-0.085,128.44
2022/4/28,2.02,-0.085,130.94
2022/5/2,2.07,-0.075,130.18
2022/5/6,2.04,-0.075,130.35
2022/5/9,1.94,-0.075,130.37
2022/5/10,1.95,-0.075,130.21
2022/5/11,1.93,-0.075,130.2
2022/5/12,1.9,-0.086,128.1
2022/5/13,1.97,-0.092,129.23
2022/5/16,2.02,-0.086,129.15
2022/5/17,2.08,-0.086,129.31
2022/5/18,2.16,-0.086,128.22
2022/5/19,2.11,-0.085,127.62
2022/5/20,2.07,-0.096,127.86
2022/5/23,2.08,-0.095,127.78
2022/5/24,2.01,-0.095,126.56
2022/5/25,2,-0.098,127.31
2022/5/26,1.99,-0.095,127.23
2022/5/27,2,-0.095,127.14
2022/5/31,2.06,-0.085,128.53
2022/6/1,2.14,-0.085,130.09
2022/6/2,2.13,-0.085,129.83
2022/6/3,2.16,-0.086,130.71
2022/6/6,2.2,-0.086,131.55
2022/6/7,2.21,-0.087,132.53
2022/6/8,2.25,-0.087,134.06
2022/6/9,2.3,-0.087,134.06
2022/6/10,2.53,-0.088,134.19
2022/6/13,2.82,-0.085,134.12
2022/6/14,3.17,-0.085,134.89
2022/6/15,2.93,-0.095,134.5
2022/6/16,2.88,-0.114,131.65
2022/6/17,2.87,-0.105,135.14
2022/6/21,2.92,-0.105,136.25
2022/6/22,2.79,-0.122,136.05
2022/6/23,2.77,-0.132,134.72
2022/6/24,2.82,-0.133,135.22
2022/6/27,2.88,-0.115,135.26
2022/6/28,2.87,-0.114,136.19
2022/6/29,2.87,-0.114,136.5
2022/6/30,2.79,-0.105,135.69
2022/7/1,2.78,-0.105,135.09
2022/7/5,2.77,-0.106,135.72
2022/7/6,2.8,-0.106,135.66
2022/7/7,2.85,-0.115,135.99
2022/7/8,2.94,-0.117,136.16
2022/7/11,2.95,-0.118,137.29
2022/7/12,3.08,-0.118,136.68
2022/7/13,3.21,-0.125,137.34
2022/7/14,3.17,-0.109,138.94
2022/7/15,3.12,-0.126,138.57
2022/7/19,3.19,-0.135,137.94
2022/7/20,3.19,-0.145,138.16
2022/7/21,3.11,-0.152,137.94
2022/7/22,3.02,-0.145,136.12
2022/7/25,3.08,-0.142,136.72
2022/7/26,3.07,-0.135,136.62
2022/7/27,3,-0.135,137.31
2022/7/28,2.93,-0.134,134.45
2022/7/29,2.98,-0.144,133.25
2022/8/1,2.98,-0.145,131.8
2022/8/2,3.09,-0.135,132.32
2022/8/3,3.13,-0.136,134.18
2022/8/4,3.12,-0.146,133.28
2022/8/5,3.29,-0.146,135.33
2022/8/8,3.3,-0.147,134.73
2022/8/9,3.34,-0.148,134.95
2022/8/10,3.26,-0.138,132.58
2022/8/12,3.26,-0.139,133.57
2022/8/15,3.23,-0.134,133.13
2022/8/16,3.26,-0.134,134.38
2022/8/17,3.27,-0.135,135.4
2022/8/18,3.24,-0.131,135.29
2022/8/19,3.26,-0.131,137.01
2022/8/22,3.32,-0.122,137.57
2022/8/23,3.29,-0.132,136.36
2022/8/24,3.35,-0.133,136.92
2022/8/25,3.33,-0.133,136.83
2022/8/26,3.36,-0.133,137.07
2022/8/29,3.43,-0.133,138.74
2022/8/30,3.47,-0.134,138.73
2022/8/31,3.5,-0.135,138.69
2022/9/1,3.51,-0.135,139.93
2022/9/2,3.48,-0.135,140.03
2022/9/6,3.61,-0.135,142.95
2022/9/7,3.6,-0.135,144.39
2022/9/8,3.6,-0.135,144.05
2022/9/9,3.67,-0.136,142.44
2022/9/12,3.7,-0.146,142.41
2022/9/13,3.92,-0.146,144.3
2022/9/14,3.95,-0.155,142.93
2022/9/15,4,-0.156,143.57
2022/9/16,3.96,-0.156,143.04
2022/9/20,4.04,-0.141,143.64
2022/9/21,4.07,-0.136,144.14
2022/9/22,4.07,-0.136,142.16
2022/9/26,4.15,-0.125,144.45
2022/9/27,4.14,-0.125,144.71
2022/9/28,3.97,-0.125,144.15
2022/9/29,3.96,-0.125,144.45
2022/9/30,4.03,-0.115,144.71
2022/10/3,4,-0.115,144.5
2022/10/4,4.16,-0.126,144.32
2022/10/5,4.14,-0.135,144.73
2022/10/6,4.19,-0.137,144.94
2022/10/7,4.23,-0.135,145.19
2022/10/11,4.28,-0.128,145.55
2022/10/12,4.29,-0.128,146.87
2022/10/13,4.46,-0.126,147.15
2022/10/14,4.49,-0.126,148.46
2022/10/17,4.49,-0.126,148.71
2022/10/18,4.5,-0.126,149.23
2022/10/19,4.6,-0.115,149.77
2022/10/20,4.65,-0.1,149.82
2022/10/21,4.59,-0.095,146.35
2022/10/24,4.61,-0.088,148.76
2022/10/25,4.61,-0.095,147.85
2022/10/26,4.54,-0.105,146.5
2022/10/27,4.51,-0.114,146.02
2022/10/28,4.56,-0.114,147.68
2022/10/31,4.67,-0.105,148.63
2022/11/1,4.75,-0.105,148.11
2022/11/2,4.76,-0.095,147.11
2022/11/4,4.77,-0.095,147.22
2022/11/7,4.8,-0.095,146.64
2022/11/8,4.78,-0.095,145.38
2022/11/9,4.75,-0.105,146.15
2022/11/10,4.59,-0.105,141.78
2022/11/14,4.63,-0.105,140.43
2022/11/15,4.61,-0.101,139.36
2022/11/16,4.62,-0.1,139.59
2022/11/17,4.69,-0.1,140.45
2022/11/18,4.75,-0.095,140.03
2022/11/21,4.76,-0.095,141.95
2022/11/22,4.79,-0.095,141.29
2022/11/25,4.77,-0.095,139.21
2022/11/28,4.77,-0.095,138.67
2022/11/29,4.79,-0.095,138.28
2022/11/30,4.75,-0.075,139.31
2022/12/1,4.66,-0.085,135.55
2022/12/2,4.69,-0.075,134.89
2022/12/5,4.77,-0.075,136.55
2022/12/6,4.73,-0.075,136.67
2022/12/7,4.68,-0.075,136.57
2022/12/8,4.71,-0.075,136.45
2022/12/9,4.72,-0.083,136.4
2022/12/12,4.76,-0.075,137.47
2022/12/13,4.65,-0.081,135.14
2022/12/14,4.65,-0.081,134.95
2022/12/15,4.65,-0.081,137.92
2022/12/16,4.62,-0.085,136.55
2022/12/19,4.65,-0.075,136.87
2022/12/20,4.65,-0.059,131.08
2022/12/21,4.62,-0.065,132.36
2022/12/22,4.66,-0.065,132.34
2022/12/23,4.67,-0.055,132.78
2022/12/27,4.75,-0.029,134.44
